"crew_promote","mgmt_promote","YTD_Crew_Annualized_Turnover","Friendliness","CPR","CEI_Score","Comp_Last_Year","Comp_Last_Year_Trans","Audited_FC_Var_Str_Goal","Labor_Var","Sos_DP1_Cars","Sos_DP2_Cars","Sos_DP3_Cars","Sos_DP4_Cars","Sos_DP5_Cars","Sos_DP6_Cars","dp2_trans_per_min","dp4_trans_per_min","pbo","P2_Training_Store_Cnt","Freestyle_flag","IA_Flag"
0.0547105048717206,-0.473225333636836,-0.378442658234593,-0.341739374170222,0.786054230707614,0.679693492071164,0.361238285121956,0.146684829605746,0.31656924912642,-0.109149195069474,-0.239336815898775,0.0139935797955491,-0.280814738679605,-0.480348363385719,-0.619191109041697,-0.858055467763901,-0.892403615893703,-0.892151515837881,-0.915328833141183,"0","N","N"
0.926510506414572,-0.473225333636836,1.03218194701794,-0.533645419728156,-0.347895740264492,0.448965160385321,0.196371117095892,0.146684829605746,-0.196175002404882,0.182937798118129,-0.237260060769649,-0.249942086404144,0.277101745258659,0.166913308105267,0.531588427982728,0.199925133370706,-1.45675635192081,-0.819643803108181,-0.962970171058101,"0","N","N"
0.0547105048717206,-0.473225333636836,-1.46006487842061,0.944031131067944,0.633732592815838,0.694872987576812,-1.21049538339319,-1.32338550238164,-0.196175002404882,0.138206422893658,-0.399246957601728,-0.412073995582925,-0.649105384410283,-0.679949555967694,-0.432281056730781,-0.191041941980254,0.0011548828158808,-0.094566675811178,-0.891057117552225,"0","N","N"
0.0547105048717206,1.21884378614756,2.49871545430793,-0.226595746835461,-0.851403376628972,0.482360050497745,-1.01265478176191,-0.889594256877164,-0.310118169411838,-1.29171641292435,-0.231029795506877,0.777898808705962,0.261756301905768,-0.231135313399885,-0.652175235920094,-0.994301569732755,0.283331250829434,-0.67462837764878,-0.847681514014598,"0","N","N"
0.0547105048717206,-0.473225333636836,0.0236713679578218,0.310741180726758,-0.0686394041295702,0.509683142407911,-0.265256953377087,-0.287106415898728,-0.310118169411838,0.276251594116197,-0.399246957601728,0.0215345989849555,-0.259988779326804,-0.536882805511406,-0.236208747320134,0.070787523396621,-0.0929039065219702,-0.747136090378481,-0.898102551292217,"0","N","N"
-0.817089496671131,-0.473225333636836,-0.0902967785031299,0.617790853619455,1.05261709701822,0.694872987576812,-0.397150687797938,-0.588350336387946,0.145654498615986,-0.00576343378907489,-0.255950856557966,0.392552735683392,0.311080941958984,0.226909042591869,-0.104272239806546,-0.571346278912552,-0.422109669204448,-0.384597526729979,-0.480011635736571,"0","N","N"
-0.817089496671131,1.21884378614756,0.85370352897532,-1.53155685662942,-0.0178655248323117,-0.225004440065433,0.789892921989722,0.0623365318687648,-0.481032919922272,0.90960046981102,-0.258027611687092,0.218355195892053,0.197086218499662,0.14614555393978,1.00985826771948,0.678563613260387,-1.03349179990048,-0.964659228567582,-0.77635524798638,"0","N","N"
-0.817089496671131,-0.473225333636836,-0.195663555419859,-0.437692396949189,0.358707413289022,0.625047308250833,-0.122372074421165,-0.0461112795073537,0.0317113316090301,-0.0721199109432565,-0.399246957601728,-0.275581551286157,-0.128456405851562,-0.303822452979086,-0.38463731827292,0.043538303230322,0.0481842774848063,0.267971887837324,-0.668028929656934,"0","Y","N"
-0.817089496671131,-0.473225333636836,-0.741850521478005,0.713743876398422,1.01876784415338,0.676657592970034,-0.573009000359073,-0.588350336387946,0.202626082119464,-0.110630366434523,-0.243490326032422,-0.195646749326324,-0.402482184144204,-0.356895602743859,-0.293014743977197,-0.318994803004205,-0.328050879866597,-0.45710523945968,-1.08032140600561,"0","N","N"
-0.817089496671131,-0.473225333636836,-0.311782044266866,0.675362667286836,-0.271734921318604,0.497539546003393,-0.122372074421165,-0.130459577244335,-0.082231835397926,-0.425527398643876,-0.299562713397372,-0.173777794265245,-0.474824989555587,-0.443427911766718,-0.450605572029714,-0.623475222766579,-0.469139063873374,-0.67462837764878,-1.04202427449819,"0","N","N"
0.0547105048717206,-0.473225333636836,-1.11816043903775,0.0228821123898561,0.282546594343134,0.57950882173389,-1.93591092270787,-0.781146445501046,0.0317113316090301,0.332832340261057,-0.222722775114979,0.780161114417538,0.605932678946765,0.398819896286529,-0.173905396183338,-0.809480770475937,-0.469139063873374,-0.52961295218938,-0.687328603146161,"0","N","N"
0.0547105048717206,-0.473225333636836,-0.412848136411484,0.0420727169456492,0.384094352937651,0.439857463081932,-0.693911590244853,-0.817295715959752,0.145654498615986,0.109767932684723,-0.399246957601728,-2.43306709807482,-2.40177426096788,-2.3321397764749,-2.18227223314556,-1.50729776256544,6.91447589914792,1.93564928062043,-1.25769058458213,"0","N","N"
0.0547105048717206,-0.473225333636836,1.43644631559641,0.138025739724617,-0.508679691372477,0.467180554992098,-1.04562821536712,-1.50413185467517,0.0317113316090301,-0.031832049813932,-0.399246957601728,-2.09598354705002,-1.92058499464903,-1.86255777953393,-1.71499710236826,-1.10685269753269,-0.892403615893703,-0.167074388540878,-1.50149594382504,"0","N","N"
0.0547105048717206,1.21884378614756,-0.139754653382411,0.579409644507868,-0.220961042021346,0.215200929598347,-0.638955867569498,-0.841395229598889,0.430512416133376,0.199230683133665,-0.318253509185689,-0.251450290061041,-0.382752328122917,-0.261133180297056,-0.364480352213723,-0.409035705443194,-0.704286037218001,-0.60212066491908,-0.795654352331593,"0","N","N"
-0.817089496671131,1.21884378614756,2.57397743781988,-1.03260113817879,-1.35067985638535,-0.0580299895033092,-1.47428285223489,-1.41978355693819,-0.424061336418794,-0.252822817479198,-0.328637284582108,-0.0878101772253633,-0.159147293215006,-0.466503193942061,-0.0364715341900172,0.535209018728085,-0.657256642549076,-0.747136090378481,-0.61719867783379,"0","N","N"
-0.817089496671131,-0.473225333636836,-0.350488207215869,-0.341739374170222,-0.0559459343052556,0.549149830722595,-0.353186109657654,-0.275056659079159,-0.082231835397926,0.21641227096823,-0.297485958268246,0.118059642528037,0.286966673269303,0.270752078932698,0.822948215408568,0.440429121910256,-0.422109669204448,-0.45710523945968,-0.561963820492122,"1","N","N"
0.0547105048717206,1.21884378614756,-0.922479281906684,-0.130642724056492,-2.84850929565447,0.281990709823197,-1.01265478176191,-1.05829085235113,-0.594976086929228,3.0593725890427,-0.345251325365904,-0.699386820953056,-0.737889736506071,-0.84147653327187,-0.868404512489409,-0.848577478011033,-1.22160937857618,-1.10967465402698,-1.33872815490839,"1","N","Y"
-0.817089496671131,1.21884378614756,-0.350488207215869,0.464266017173106,-2.84850929565447,-1.97064642321491,-0.496070988613576,-0.708847904583633,-0.594976086929228,1.04438706403045,-0.341097815107652,-1.71139157608213,-1.84495387990077,-1.81179215819437,-1.69117523291944,-1.21466483038511,-1.64487393059651,-1.39970550494578,-2.10887220616256,"0","N","Y"
2.67011050950028,-0.473225333636836,-0.810661477831787,0.387503598949932,0.578727556910475,-1.97064642321491,-1.27644225060361,-1.20288793418595,0.0317113316090301,0.109767932684723,-0.399246957601728,-2.43306709807482,-2.40177426096788,-2.3321397764749,-2.18227223314556,-1.50729776256544,1.60015430155935,3.09577268429564,-0.618904402441493,"0","N","N"
0.926510506414572,-0.473225333636836,0.417184024606014,1.17431838573747,0.811441170356243,0.436821563980803,-1.4303182740946,-1.43183331375776,0.145654498615986,-0.286297290329298,-0.345251325365904,-0.521418771793244,-0.113110962498671,-0.194214861780884,-0.5990341429825,-1.03458302600473,-0.61022724788015,-0.45710523945968,-0.76442598946871,"0","N","N"
0.926510506414572,-0.473225333636836,0.739735382514368,-0.591217233395537,0.633732592815838,0.719160180385848,0.603043464893516,0.568426318290651,0.145654498615986,-0.240084743739779,-0.152113102219963,0.80580057884709,0.421787356081426,0.0896111118140933,-0.100607337186547,-0.257387870392498,0.518478224174061,0.412987313296724,-0.812452637882597,"0","N","N"
0.0547105048717206,-0.473225333636836,0.548354910155411,1.21269959484905,1.00607437432907,0.436821563980803,1.04268924629635,0.966068293336419,0.0317113316090301,-0.245713194926964,-0.272564897217157,0.364650965089803,-0.152570674541244,0.0999949888968363,0.265882962195288,0.503220803472097,-0.516168458542299,-0.819643803108181,-0.873972552562558,"0","N","N"
-0.817089496671131,-0.473225333636836,0.879507637607988,-0.572026628839744,0.692968785329307,0.713088382183589,-0.375168398727796,-0.55220106592924,0.145654498615986,-0.865139059790329,-0.287102182871827,0.0916660760438061,-0.253412160653042,-0.138834184006255,-0.29484719473746,-0.33558128546269,-0.233992090528746,-0.67462837764878,-0.706097265271028,"0","N","N"
-0.817089496671131,-0.473225333636836,2.22132128650674,1.46217745407437,0.443330545451119,0.32449329723901,1.36143243781341,1.13476488881038,0.31656924912642,-0.939197628042764,-0.324483774448461,-1.22650405175022,-1.51064243067312,-1.55219523091811,-1.3191875798275,-1.08552722069537,-0.422109669204448,-0.67462837764878,-1.65523938526763,"0","N","N"
-0.817089496671131,-0.473225333636836,1.41924357650797,0.253169367059377,0.511029051180797,0.257703517014161,-0.880761047341059,-0.829345472779321,-0.025260251894448,0.202785494409782,-0.399246957601728,0.396323245051864,0.294639395274579,0.241907975694325,-0.263695519718798,-0.863979211306129,-0.0929039065219702,-0.384597526729979,-0.681368527039432,"0","N","N"
-0.817089496671131,-0.473225333636836,-0.0902967785031299,-0.399311187837603,-0.343664583656387,0.45200105948645,4.63679350926455,4.18335336416127,-0.196175002404882,1.08763726788987,-0.399246957601728,0.347306621451875,0.446997728102621,0.418433886100957,0.174260386800094,-0.284637090558797,-0.139933301190896,0.0504487496482225,-0.53707970594491,"0","Y","N"
2.67011050950028,1.21884378614756,0.288163481442672,0.75212508551001,0.0413706676811566,0.342708691845787,-0.518053277683718,-0.793196202320614,0.0886829151125081,0.0259336334229672,-0.147959591961712,-0.439221664121835,-0.158051189883492,0.0284616136686925,0.220071674497691,0.598000701000775,-0.986462405231554,-0.67462837764878,-0.546376104257296,"0","N","N"
-0.817089496671131,-0.473225333636836,0.0236713679578218,-0.284167560502841,0.312164690599868,0.588616519037278,-1.00166363722684,-1.04624109553156,0.31656924912642,-1.19099676010104,-0.102270980117785,0.0863873625659758,0.262852405237283,0.0699971219996649,-0.0859477245076126,-0.147206240066319,0.0011548828158808,0.122956462377923,-0.496959606163059,"0","Y","N"
-0.817089496671131,1.21884378614756,-0.982688868716243,0.617790853619455,0.718355724977936,0.400390774767248,-0.111380929886094,-0.516051795470534,0.31656924912642,-0.655997663045453,-0.195724959059369,-0.13305629145688,-0.912170131360767,-0.701871074484238,-0.643012978820363,-0.247909880213121,-0.563197853211225,-0.45710523945968,-1.37527175371099,"0","N","N"
-0.817089496671131,-0.473225333636836,-0.657987168421833,0.445075412617313,0.870677362869711,0.527898537014688,-0.254265808842016,-0.479902525011828,0.202626082119464,-0.418714010364652,-0.258027611687092,-0.744632935184572,-1.08316221687858,-0.817247486745469,-0.820760774031548,-0.640061704514216,-0.798344826555852,-0.67462837764878,-1.43677117920648,"0","N","N"
-0.817089496671131,-0.473225333636836,-2.04710834981381,-0.514454815172363,-0.419825402602275,0.397354875666119,0.625025753963658,0.423829236455826,0.60142716664381,-2.45325099739554,-0.243490326032422,-0.887912297068529,-0.986705142777516,-0.774558214063439,-0.542228146325438,0.0174738313033082,-0.939433010562628,-0.60212066491908,-1.09349652076828,"0","N","N"
0.926510506414572,-0.473225333636836,-1.16761831391703,-0.975029324511408,0.113300330018939,0.540042133419206,0.196371117095892,-0.0943103067856286,-0.367089752915316,0.213153693965123,-0.164573632745508,-0.482959574696455,-0.475921092887101,-0.469964486302976,-0.0511311468689521,0.413179901743957,-0.939433010562628,-0.60212066491908,-0.950936190041993,"0","N","N"
0.0547105048717206,-0.473225333636836,-0.903126200432182,1.48136805863016,0.680275315504992,0.588616519037278,0.273309128841388,-0.118409820424766,-0.082231835397926,-0.232678886914535,-0.125115286039748,0.112780929502668,-0.503323670256002,-0.745714110825067,-0.520238728406506,0.0909282512838117,-0.751315431886926,-0.892151515837881,-1.63492948115489,"0","N","N"
-0.817089496671131,-0.473225333636836,-0.165558762015079,1.13593717662588,-2.84850929565447,-1.97064642321491,-0.276248097912158,0.098485802327471,-0.424061336418794,1.40668157992136,-0.320330264314815,-0.507844937523789,-0.93409219338742,-1.10222722399925,-1.12311527008701,-0.930325139220779,-0.657256642549076,-0.892151515837881,-1.75019594158187,"0","Y","Y"
-0.817089496671131,-0.473225333636836,-1.1740693410752,-0.552836024283951,0.57449640030237,0.573437023531631,-0.177327797096519,-0.407603984094415,0.0886829151125081,-0.0623441799339351,-0.129268796173395,0.820128515171224,0.00746037963441323,-0.549574210604006,-0.54772550080517,0.019843328492728,-0.281021485197672,-0.60212066491908,-0.747566805508289,"0","N","N"
-0.817089496671131,-0.473225333636836,0.898860719082489,-0.706360860730299,-0.576378197102155,0.00268799251928125,-0.0344429181405975,-0.299156172718297,-0.139203418901404,1.01920715082462,-0.0337380622272902,1.27786837096422,-0.456191236865815,-0.704178602494094,-0.657672590399827,0.000887349555671708,0.283331250829434,-0.60212066491908,-0.764443063789107,"0","Y","N"
-0.817089496671131,-0.473225333636836,0.739735382514368,-0.245786351391254,0.4264059190187,0.497539546003393,0.218353406166034,0.48407802055367,0.145654498615986,-0.149140821925789,-0.291255693005474,0.0260592104081072,-0.0615941164400886,-0.10537502405591,-0.157413332744139,-0.40311196211422,-0.233992090528746,-0.239582101270579,-0.664616342153502,"0","N","N"
-0.817089496671131,-0.473225333636836,-0.982688868716243,0.214788157947791,0.117531486627044,0.342708691845787,0.350247140586885,0.206933613703589,-0.367089752915316,1.50029161019244,-0.316176754056563,0.00569845900392461,0.0655538450244197,0.337670398141128,0.289704830874484,-0.111663778670777,-0.375080274535523,-0.312089814000279,-0.60878843675003,"0","N","N"
-0.817089496671131,-0.473225333636836,1.03218194701794,0.521837830840487,0.786054230707614,0.342708691845787,0.163397683490679,0.0623365318687648,0.0317113316090301,0.530124366085544,-0.0835801843294684,-0.991224257746338,-1.40870484122981,-0.9580067091919,-1.18358616936407,-1.1139611898118,-1.0805211945694,-1.03716694129728,-1.44443527248887,"0","N","N"
0.0547105048717206,-0.473225333636836,0.739735382514368,0.291550576170965,-0.187111789156507,0.470216454093227,-0.155345508026378,-0.564250822748809,-0.025260251894448,-0.940678799407813,-0.266334631954385,-0.206204175829524,-0.358638059433236,-0.225366493029114,-0.168408041703605,-0.38060173632676,-0.657256642549076,-0.52961295218938,-1.24420983948434,"0","N","N"
-0.817089496671131,-0.473225333636836,-0.350488207215869,1.02079354929112,0.0202148846406322,0.357888187351435,-0.353186109657654,-0.323255686357434,0.259597665622942,0.0656290260062723,-0.272564897217157,0.0976988911238549,0.0249980296503327,-0.0349954131788235,-0.0621258558284175,-0.249094629163256,-0.422109669204448,-0.384597526729979,-0.649108306080531,"0","N","N"
-0.817089496671131,-0.473225333636836,-0.0429892460099046,0.905649921956358,0.422174762410595,0.482360050497745,0.152406538955608,-0.166608847703041,0.145654498615986,0.0911051734851099,-0.214415754847686,0.194978036721616,-0.320274450722178,-0.354588074041744,-0.479924796288113,-0.349798270020907,-0.469139063873374,-0.52961295218938,-0.568969414151187,"0","N","N"
0.0547105048717206,-0.473225333636836,2.41485210125175,0.233978762503584,-0.208267572197031,0.269847113418679,-2.01284893445336,-1.97407237063835,0.0317113316090301,-0.303182643890853,-0.380556161813412,-0.749157546607724,-0.776253345217129,-0.433044034683975,-0.47442744180838,-0.201704680398917,-0.704286037218001,-0.384597526729979,-0.728802696535528,"0","N","N"
-0.817089496671131,-0.473225333636836,-1.11816043903775,0.406694203505725,-0.123644440034934,0.26073941611529,-0.386159543262867,-0.877544500057596,-0.367089752915316,-0.0801182363145195,-0.166650387750028,0.765833178093404,0.306696529290589,0.24421550439644,-0.0877801763673471,-0.685082155378286,-0.657256642549076,-0.60212066491908,-0.526325160670583,"0","N","N"
0.0547105048717206,-0.473225333636836,0.830049762728707,-0.092261514944906,-0.335202270440177,0.336636893643528,-1.27644225060361,-1.51618161149474,-0.082231835397926,-0.319179294633379,-0.287102182871827,0.0758299360627756,0.0808992883773107,0.207295052085182,0.0423238792865062,-0.321364300904474,-0.892403615893703,-0.67462837764878,-0.62313086588387,"0","N","N"
-0.817089496671131,-0.473225333636836,-0.810661477831787,-0.053880305833318,0.231772715045876,0.421642068475155,-0.364177254192725,-0.504002038650965,0.0317113316090301,0.198341980314636,-0.0981174698595335,-0.347975334056584,-0.632663837725877,-0.584187134213149,0.110124584903035,0.55179550118657,-0.704286037218001,-0.52961295218938,-0.833666342688375,"0","N","N"
-0.817089496671131,-0.473225333636836,0.0645278732928802,0.349122389838346,-0.800629497331713,0.303242003531104,-0.485079844078505,-0.504002038650965,-0.139203418901404,-0.358578452943675,-0.295409203263726,-0.257483105593551,-0.50222756758215,-0.501116117551205,-0.278355131298262,-0.528695325237902,-0.845374221224777,-0.67462837764878,-1.04460249687821,"0","N","N"
-0.817089496671131,-0.473225333636836,-0.873021407027403,-0.476073606060777,0.40948129258628,0.600760115441796,-0.221292375236803,-0.600400093207515,0.0317113316090301,-0.786340743169738,-0.0254310418353921,0.606717676228417,-0.112014859167157,-0.121527722201683,-0.164743139083607,-0.0536110914877755,-0.186962695859821,-0.312089814000279,-0.649319458509446,"0","N","N"
-0.817089496671131,2.91091290593195,-0.943982705767241,0.387503598949932,0.168305365924302,0.470216454093227,-1.06761050443726,-1.39568404329905,0.202626082119464,0.0244524620579185,-0.210262244589434,-0.624730732471053,-0.591011919677938,-0.131911599284426,0.190752450239292,0.530470024349245,-1.03349179990048,-0.52961295218938,-1.21653976499229,"0","N","N"
0.926510506414572,-0.473225333636836,-0.0902967785031299,-1.85779713407791,-0.720237521777721,-0.0246350993908844,-0.627964723034427,-1.03419133871199,0.430512416133376,0.372527732844362,-0.237260060769649,0.375962493647682,0.165299227804704,0.0896111118140933,-0.111602046146013,-0.384155982466314,-0.469139063873374,-0.384597526729979,-0.549699336150649,"0","N","N"
0.926510506414572,-0.473225333636836,0.0774299276092144,-0.341739374170222,0.494104424748378,0.540042133419206,0.0644773826750409,-0.118409820424766,0.0886829151125081,-1.80183183104713,0.00364352934934339,0.283207959473073,-0.320274450722178,-0.367279479826602,0.0972974240838345,0.781636751307458,-0.328050879866597,-0.52961295218938,-0.611432679835578,"0","N","N"
0.0547105048717206,-0.473225333636836,-0.350488207215869,0.886459317400563,1.14570254239653,0.57647292263276,-0.221292375236803,-0.263006902259591,-0.082231835397926,-1.2232862958591,-0.324483774448461,0.0192722932733798,-0.512092495592793,-0.616492529812436,-0.72730574787609,-0.94928111865543,-0.422109669204448,-0.892151515837881,-1.40418313129594,"0","N","N"
0.0547105048717206,-0.473225333636836,0.774140860691259,-2.81732736186759,-2.84850929565447,0.403426673868378,0.614034609428587,0.435878993275395,0.202626082119464,0.151240730906087,-0.218569264981333,-0.139843208591607,-0.238066717300151,-0.128450306923512,-0.0914450789873455,0.108699481981583,-0.751315431886926,-0.384597526729979,-1.11022593989368,"0","N","N"
0.926510506414572,2.91091290593195,2.05144423800834,-0.284167560502841,0.265621967910715,0.530934436115817,0.592052320358445,0.255132640981864,0.0886829151125081,0.088735299301032,-0.152113102219963,0.464946518453818,-0.655682003084045,-0.696102254113467,-0.716311038916624,-0.33558128546269,0.142243066822657,-0.60212066491908,-0.651289265939296,"0","N","N"
-0.817089496671131,1.21884378614756,0.182796704525943,-0.49526421061657,-0.0517147776971507,0.251631718811902,-0.232283519771874,-0.443753254553121,0.0886829151125081,-1.30060344111465,-0.297485958268246,-0.4588283139238,-0.356445853427869,-0.146910532386882,0.176092838659829,-0.101001040252114,-0.751315431886926,-0.52961295218938,-0.501520726285225,"0","N","N"
-0.817089496671131,-0.473225333636836,-1.01924468927919,0.713743876398422,0.405250135978175,0.424677967576284,-0.287239242447229,0.243082884162296,0.145654498615986,0.194194700492499,-0.282948672738181,0.449110378472788,-0.118591477840919,-0.437659090703689,-0.560552661624371,-0.619920976627025,-0.61022724788015,-0.964659228567582,-1.34705928497431,"0","N","N"
-0.817089496671131,-0.473225333636836,-1.1740693410752,-0.687170256174504,0.231772715045876,0.403426673868378,0.317273706981672,0.351530695538414,-0.424061336418794,0.343793008362418,-0.328637284582108,-0.253712595772617,-0.437557483518381,-0.390354762001945,0.023999365087044,-0.115218024810331,-0.0458745118530447,-0.52961295218938,-0.551670281868525,"0","N","N"
1.79831050795742,-0.473225333636836,0.0408741070462673,0.176406948836203,0.316395847207973,0.846667942633288,1.63621105119018,1.27936197064521,-0.196175002404882,-0.867508933974407,-0.297485958268246,0.763570872381828,0.266140714574164,0.283443484025297,-0.115266948766011,-0.318994803004205,0.42441943483621,-0.094566675811178,-0.539273186971966,"0","Y","Y"
0.926510506414572,-0.473225333636836,-1.46006487842061,0.732934480954215,0.2529284980864,0.51575494061017,-1.93591092270787,-1.84152504562309,-0.367089752915316,0.424664964894077,-0.301639468526498,0.569766683240986,0.358213376006833,0.133454148847181,0.328186312232613,0.237837091955668,-0.375080274535523,-0.747136090378481,-0.697714912243917,"0","N","N"
-0.817089496671131,1.21884378614756,-0.580574842523828,-0.648789047062918,-1.07988583346663,0.354852288250305,-0.2982303869823,-0.311205929537866,-0.082231835397926,0.562413901843605,-0.285025427742702,-0.120236558789643,-0.53511066095096,-0.638414047636722,-0.432281056730781,-0.241986136884147,-0.751315431886926,-0.67462837764878,-1.1422505352311,"0","N","N"
0.0547105048717206,-0.473225333636836,-0.4945611470816,0.75212508551001,-1.12219739954768,0.178770140384793,-0.847787613735846,-0.829345472779321,0.202626082119464,-0.468185133957278,-0.247643836166068,-0.0176787001665127,-0.661162518426292,-0.397277346723774,-0.311339258176659,0.103960487602743,-0.563197853211225,-0.67462837764878,-1.20565773145899,"0","N","N"
0.926510506414572,-0.473225333636836,-0.0902967785031299,-0.341739374170222,-0.944488822007279,-0.124819769728159,-0.166336652561449,-0.226857631800885,-0.708919253936184,0.0487436724447172,-0.216492509852207,-0.337417907100923,-0.731313117832309,-0.787249619156039,-0.791441549773149,-0.817774011491925,-0.939433010562628,-1.18218236675668,-1.61285466145706,"0","Y","N"
1.79831050795742,1.21884378614756,0.00646862886937618,-0.341739374170222,0.464486328491644,0.564329326228242,0.185379972560821,0.749172670584182,0.202626082119464,-0.114481411983649,4.45205292659493,0.0758299360627756,0.333003003985637,0.157683195373581,0.205412062918227,-0.055980588677195,-0.845374221224777,-0.67462837764878,-0.706862194824833,"0","Y","N"
-0.817089496671131,-0.473225333636836,-0.0429892460099046,0.214788157947791,-2.84850929565447,0.0542982772384831,-0.518053277683718,-0.949843040975008,0.202626082119464,1.62648741049459,1.90179767986418,-0.986699646323186,-0.974648008761507,-0.804556080960611,-0.593536788502768,-0.525141079098347,-1.17457998390726,-0.964659228567582,-1.03975111330928,"1","Y","Y"
0.0547105048717206,-0.473225333636836,-0.657987168421833,-0.763932674397679,-0.521373161196791,0.321457398137881,0.482140875007736,0.713023400125476,-0.424061336418794,-0.801744925366245,-0.199878469193016,-0.395483753999677,0.000883760960651036,0.131146620145066,0.267715412955552,-0.411405202632614,-0.751315431886926,-0.747136090378481,-0.98349350417581,"0","Y","N"
-0.817089496671131,1.21884378614756,-0.365540603918259,-1.18612597462514,-2.84850929565447,-1.97064642321491,-1.56221200851546,-3.09469975485824,-2.36109517553705,0.0297846789720938,0.547753362339657,-1.78001484948408,-1.81974350833994,-1.83371367650323,-1.82677664349281,-1.32603120944817,-1.55081514125866,-1.47221321767548,-2.01211203247033,"0","Y","Y"
-0.817089496671131,-0.473225333636836,2.46646031851709,-1.53155685662942,-1.12642855615579,0.190913736789311,-0.166336652561449,-0.154559090883472,0.202626082119464,-0.630225281293606,-0.314099999052042,-0.191876239957852,-0.810232541917454,-0.694948489762409,-1.0131681808222,-1.1139611898118,-0.939433010562628,-1.18218236675668,-1.33484317787396,"0","Y","N"
2.67011050950028,-0.473225333636836,1.58912062500637,0.272359971615172,-2.84850929565447,-1.97064642321491,-0.276248097912158,0.098485802327471,-0.708919253936184,0.919079966547332,-0.222722775114979,-0.156433450174856,-0.275334223337357,-0.281900934462542,-0.364480352213723,-0.379416987376626,-0.751315431886926,-0.747136090378481,-0.912217891964771,"0","Y","Y"
0.0547105048717206,-0.473225333636836,-0.705294700915059,0.944031131067944,0.798747700531928,0.658442198363257,-0.474088699543434,-0.889594256877164,0.0886829151125081,-1.62201762733021,-0.314099999052042,-0.88715819501385,-1.29799842710736,-1.15068531705205,-1.24588952006108,-0.833175744787021,-0.516168458542299,-0.60212066491908,-0.937468535256515,"0","N","N"
-0.817089496671131,-0.473225333636836,-0.675189907510279,-0.476073606060777,0.688737628721202,0.600760115441796,-0.858778758270917,-0.684748390944496,0.0317113316090301,-1.43183522405796,-0.399246957601728,0.820128515171224,-0.318082244716811,-0.625722642544122,-0.883064124068873,-1.02036604144651,-0.233992090528746,-0.964659228567582,-1.23505117402316,"0","N","N"
0.926510506414572,-0.473225333636836,-1.07085290654453,0.176406948836203,0.74797382123467,0.582544720835019,-0.704902734779924,-0.419653740913984,0.0317113316090301,-0.235937463917642,-0.278795162479929,-0.518402364026989,0.229969311868472,-0.257671887936142,-0.0657907584484159,0.376452691398281,-0.61022724788015,-0.52961295218938,-1.14429148566261,"1","N","N"
0.926510506414572,-0.473225333636836,0.331170329163786,0.617790853619455,-0.212498728805136,0.561293427127113,0.438176296867452,0.158734586425315,0.202626082119464,-0.245120726380944,-0.312023243922917,-0.882633583590698,-1.05356743284665,-0.974159406645414,-0.884896575928607,-0.919662400802117,-0.61022724788015,-0.60212066491908,-1.24516087913048,"0","N","N"
0.0547105048717206,-0.473225333636836,-0.195663555419859,1.09755596751429,1.10762213292358,0.773806364206179,0.262317984306318,0.363580452357983,-0.139203418901404,0.212264991146093,-0.270488142212637,0.645930975379885,0.248603064558244,-0.0176889513742517,-0.261863067859063,-0.687451653278555,-0.0929039065219702,-0.312089814000279,-0.513072073178099,"0","N","N"
-0.817089496671131,-0.473225333636836,-0.402096424481206,0.291550576170965,0.371400883113336,0.609867812745185,-2.111769235269,-1.91382358654051,-0.196175002404882,-0.431155849831061,-0.2933324481346,-0.0704658331349745,-0.112014859167157,-0.296899868257258,-0.42311879963105,-0.616366730487471,-0.186962695859821,-0.167074388540878,-0.88593197571293,"0","N","N"
-0.817089496671131,-0.473225333636836,-0.176310473945358,-0.053880305833318,-2.84850929565447,0.467180554992098,-0.573009000359073,-0.419653740913984,-0.708919253936184,-0.505214418083496,-0.330714039711233,-1.89916295014292,-1.78357210563425,-1.76794912164586,-1.54091421054671,-1.05709325157894,-0.516168458542299,-0.60212066491908,-0.713024886200278,"0","Y","Y"
-0.817089496671131,-0.473225333636836,1.17840522926973,1.28946201307223,0.388325509545756,0.0330469835305765,0.130424249885466,0.399729722816689,0.145654498615986,0.36334447038106,-0.135499061436167,0.717570656095632,0.493034058818956,0.432279055544615,0.251223349516354,0.106329984792163,-0.516168458542299,-0.747136090378481,-0.687285348201154,"0","Y","N"
0.926510506414572,-0.473225333636836,-0.150506365312689,-0.341739374170222,-2.84850929565447,-1.97064642321491,1.62521990665511,1.4360088092996,-0.025260251894448,1.93220118024064,-0.336944304974006,-1.64729291410333,-1.75945783714186,-1.74372007511946,-1.63620168812211,-1.03339827726785,-1.36269756258296,-1.32719779221608,-2.0665865134103,"0","N","Y"
0.0547105048717206,2.91091290593195,-1.11816043903775,-0.0154990967217318,0.00752141481631755,0.306277902632233,1.52629960583947,0.893769752419007,-0.082231835397926,2.51637516661585,-0.147959591961712,-0.137580902880032,-0.285199151348,-0.300361160618172,-0.402961833571853,-0.436284925609493,-0.233992090528746,-0.094566675811178,-0.56750671403714,"0","N","N"
-0.817089496671131,1.21884378614756,1.3547333049263,-0.245786351391254,0.219079245221561,0.679693492071164,-1.03463707083205,-0.961892797794576,0.202626082119464,-0.0555307916547111,-0.305792978660144,0.817112107404969,0.0951486290563493,-0.286515991174514,-0.263695519718798,-0.217106413907268,-0.281021485197672,-0.67462837764878,-0.532634122057433,"0","N","N"
0.0547105048717206,-0.473225333636836,0.225803552247057,0.118835135168823,0.650657219248258,0.773806364206179,1.13061840257692,0.845570725140732,0.0886829151125081,-0.850031111866832,-0.345251325365904,0.644422771722988,-0.436461380844529,-0.506884937921976,-0.626520915381165,-0.14483674216605,0.565507618842987,-0.60212066491908,-0.629399987189792,"0","Y","Y"
-0.817089496671131,-0.473225333636836,2.85567229039317,-0.975029324511408,-0.132106753251143,0.45200105948645,0.76791063291958,0.761222427403751,0.202626082119464,-0.226457967181331,-0.299562713397372,0.523012364900111,0.806519548496508,0.732257727285365,0.788131637769907,0.0944824974233659,-0.469139063873374,-0.52961295218938,-0.609605727553053,"0","N","N"
-0.817089496671131,-0.473225333636836,0.092482324311604,1.28946201307223,1.15839601222084,0.816308951621992,-0.474088699543434,-0.35940495681614,0.202626082119464,0.38674697794883,-0.291255693005474,0.196486240830974,-0.24683554197928,-1.0918433469165,-1.14143978494616,-0.500261356121468,1.17688974953902,-0.45710523945968,-0.527168062954202,"0","Y","Y"
0.0547105048717206,-0.473225333636836,-0.982688868716243,0.464266017173106,-2.84850929565447,0.491467747801134,-0.122372074421165,0.0261872614100586,-0.367089752915316,-0.0996696983331623,-0.330714039711233,0.277929246447703,-0.108726549830276,-0.825323835126097,-0.89039393040834,-0.496707109981914,0.142243066822657,-0.964659228567582,-0.758440871025398,"0","Y","Y"
0.926510506414572,1.21884378614756,-1.16761831391703,0.694553271842629,0.278315437735029,0.594688317239537,-2.29861869236521,-2.62475923889506,0.259597665622942,-0.165729941214334,-0.143806081828065,0.292257182319376,-1.15002450694772,-1.1645304864957,-0.875734318828877,-0.568976781723132,-0.422109669204448,-0.892151515837881,-1.34480490553783,"0","N","N"
-0.817089496671131,-0.473225333636836,-1.46006487842061,0.675362667286836,0.642194906032048,0.716124281284718,-1.37536255141925,-1.43183331375776,0.0317113316090301,0.14738968535696,-0.220646020110458,-0.491254695488079,-0.301640698032405,-0.862244287437356,-0.917880702807005,-0.811850267949696,-0.563197853211225,-0.384597526729979,-0.660331826021774,"0","N","N"
-0.817089496671131,-0.473225333636836,-0.580574842523828,0.387503598949932,0.870677362869711,0.676657592970034,-0.089398640815952,0.182834100064452,0.0886829151125081,-0.010206947884221,-0.322407019319335,0.314126137832917,-0.0122694763868729,-0.531113984448376,-0.186732557002538,0.297074527377954,-0.139933301190896,-0.67462837764878,-0.930409442060205,"1","N","N"
-0.817089496671131,-0.473225333636836,-1.29018782992221,0.195597553391998,-0.0390213078728361,0.345744590946917,0.339255996051814,0.363580452357983,0.0886829151125081,0.126653286246279,-0.287102182871827,0.177633693083688,0.175164155815347,0.0330766703806642,0.168763032320361,0.166752169164584,-0.375080274535523,-0.384597526729979,-0.555034492130832,"0","N","N"
0.926510506414572,1.21884378614756,-0.311782044266866,-1.70427229763156,0.0752199205459951,0.257703517014161,-1.06761050443726,-0.841395229598889,-0.651947670432706,0.314465815334453,-0.372249141421513,-1.37657033076891,-1.29690232377585,-1.35028651032628,-1.18541862078402,-0.679158412049312,-0.798344826555852,-0.67462837764878,-1.44517743628214,"0","N","N"
0.926510506414572,-0.473225333636836,0.051625818976546,0.86726871284477,0.172536522532407,0.394318976564989,0.0864596717451828,-0.17865860452261,-0.025260251894448,0.293136947677752,-0.291255693005474,-0.971617608396834,-0.307121213374653,-0.255364359926285,0.522426170882997,0.808885971473757,-1.0805211945694,-0.52961295218938,-1.36426280106274,"0","N","N"
0.0547105048717206,-0.473225333636836,-0.44510327220232,-0.0730709103891129,0.392556666153861,0.406462572969507,0.603043464893516,0.472028263734101,0.0886829151125081,0.081921911021808,-0.25179734642432,-0.196400851381003,0.194894011836633,-0.0269190641059376,0.242061092416623,0.0743417695361752,-0.61022724788015,-0.45710523945968,-0.590940649638598,"0","N","N"
0.926510506414572,-0.473225333636836,-0.580574842523828,0.195597553391998,0.942607025207494,0.45503695858758,0.339255996051814,0.38767996599712,0.0317113316090301,0.395930240412132,-0.245567081161547,0.566750275474731,0.81857668317018,0.0307691416785491,0.0972974240838345,0.499666557332543,-0.375080274535523,-0.52961295218938,-0.58375577561536,"0","N","N"
1.79831050795742,-0.473225333636836,-0.402096424481206,-0.629598442507125,-0.132106753251143,0.585580619936149,-2.92511393086425,-3.35979440488875,0.259597665622942,0.358012253466885,-0.258027611687092,0.190453425298464,-0.795983201238415,-0.543805390233235,-0.142753721164675,0.114623226021406,-0.422109669204448,-0.819643803108181,-1.07506763761933,"1","Y","N"
-0.817089496671131,-0.473225333636836,-0.0429892460099046,0.349122389838346,-2.84850929565447,-1.97064642321491,-0.276248097912158,0.098485802327471,0.8862850841612,2.30901117550903,-0.33486754984488,-1.79434278535576,-1.67176958818029,-1.86025025124717,-1.73148916580746,-1.29522774292907,-1.55081514125866,-1.39970550494578,-1.80559698897541,"0","N","Y"
0.0547105048717206,-0.473225333636836,-0.455854984132598,0.291550576170965,-2.84850929565447,-1.97064642321491,-0.276248097912158,0.098485802327471,-0.367089752915316,0.259366240554642,-0.370172386416993,-2.08316381469951,-1.99512000632885,-2.02177722813599,-1.90190715467918,-1.32603120944817,-1.73893271993436,-1.54472093040518,-2.11614700493989,"0","Y","Y"
-0.817089496671131,1.21884378614756,0.739735382514368,-0.667979651618711,0.0625264507216805,0.537006234318076,-0.562017855824002,-0.516051795470534,0.0886829151125081,-0.307922392259009,-0.247643836166068,-0.366827881351409,-0.589915816346424,-0.646490396709608,0.115621939382767,-0.305962567396123,-0.0929039065219702,-0.239582101270579,-0.491519727684438,"0","N","N"
0.0547105048717206,-0.473225333636836,-0.096747805661297,-0.092261514944906,-0.474830438507638,0.345744590946917,-0.507062133148647,-0.528101552290102,0.373540832629898,-0.0549383231086916,-0.295409203263726,-1.47535768002357,-1.56325538006321,-1.47835432768011,-1.57023343436532,-1.38289914768104,-0.704286037218001,-0.52961295218938,-1.2671281306098,"0","N","N"
2.67011050950028,-0.473225333636836,0.294614508600839,0.138025739724617,-2.84850929565447,-1.97064642321491,-0.309221531517371,-0.106360063605197,-0.82286242094314,0.736303420100322,-0.382632916942537,-1.71968669687376,-1.68711503153318,-1.476046798978,-1.45845389335072,-1.07249498480295,-1.59784453592758,-1.32719779221608,-2.03965632613546,"1","Y","Y"
-0.817089496671131,-0.473225333636836,-0.419299163569651,0.483456621728899,0.891833145910236,0.64022680375648,0.0315039490698281,-0.154559090883472,0.202626082119464,-0.0525684489246137,-0.314099999052042,-0.486730084064928,0.103917453735478,0.157683195373581,0.132114002821966,0.043538303230322,-1.03349179990048,-0.67462837764878,-0.569710439656435,"0","N","N"
0.926510506414572,1.21884378614756,-0.580574842523828,0.732934480954215,0.938375868599389,0.713088382183589,1.31746785967313,0.990167806975556,-0.025260251894448,-0.445375094935528,-0.285025427742702,0.460421907030667,-0.319178347390663,-0.62110758583215,-0.648510333300096,-0.762090822209193,0.612537013511911,-0.384597526729979,-0.761789714399347,"0","Y","N"
-0.817089496671131,-0.473225333636836,-1.06440187938636,0.54102843539628,0.354476256680917,0.594688317239537,-0.803823035595562,-1.4920820978556,-0.196175002404882,0.400669988780288,-0.274641652346283,-1.06060163320297,-1.43062690325646,-1.14607026103233,-1.004005922623,-0.617551478726756,-1.12755058923833,-1.18218236675668,-1.98561097978148,"0","N","N"
-0.817089496671131,-0.473225333636836,1.7912528092956,0.406694203505725,0.578727556910475,0.609867812745185,-0.00146948453538465,-0.0702107931464911,0.373540832629898,-1.35125950179931,-0.303716223531018,0.64819328109146,0.159818712462456,0.111532630330637,-0.188565008862273,-0.700483888886637,-0.563197853211225,-0.747136090378481,-0.574677359460047,"0","N","N"
-0.817089496671131,-0.473225333636836,-1.41920837308555,-0.130642724056492,0.0921445469784146,0.427713866677414,-0.0344429181405975,-0.154559090883472,-0.139203418901404,-0.968524821070728,-0.282948672738181,0.176125489426791,-0.114207065830186,0.24421550439644,0.0221669132273095,-0.521586832958793,-0.986462405231554,-0.964659228567582,-0.926811882752467,"0","N","N"
0.926510506414572,-0.473225333636836,-0.726798124775615,0.15721634428041,0.4264059190187,0.461108756789839,0.0205128045347572,0.098485802327471,-0.025260251894448,0.166941147375603,-0.0545056130201276,-0.36079506627136,-1.0272609581516,-1.17837565593936,-0.910550896467537,-1.25968528153352,0.142243066822657,-0.60212066491908,-1.232853139844,"0","N","N"
-0.817089496671131,-0.473225333636836,-0.156957392470856,0.118835135168823,0.130224956451358,0.530934436115817,0.185379972560821,0.0141375045904899,0.259597665622942,-0.344951676385227,-0.312023243922917,1.20547458819379,-0.159147293215006,-0.953391652479928,-0.745630262075552,-0.680343160999446,0.42441943483621,-0.384597526729979,-0.764354846467054,"0","N","N"
-0.817089496671131,-0.473225333636836,0.724682985811978,1.0783653629585,0.91298892895076,0.649334501059869,-0.627964723034427,-1.02214158189242,-0.025260251894448,-0.148548353379769,-0.330714039711233,-0.896207417860153,-1.05247132951514,-0.918778728870785,-1.07180662823952,-0.971791344229635,-0.563197853211225,-0.239582101270579,-1.27571879034576,"0","N","N"
0.926510506414572,-0.473225333636836,-0.423599848341763,1.00160294473533,0.223310401829666,0.533970335216947,-0.957699059086555,-0.961892797794576,0.0886829151125081,0.114507681052879,3.27868630293685,0.381995309180192,-0.16024339654652,-0.0938373833143677,-0.520238728406506,-1.03576777474161,0.0481842774848063,-0.52961295218938,-0.608084405605642,"0","Y","Y"
0.0547105048717206,-0.473225333636836,-1.14611489005648,0.617790853619455,-2.84850929565447,-1.97064642321491,0.0315039490698281,0.255132640981864,0.202626082119464,-2.89819487545617,-0.370172386416993,-1.62617806109693,-1.80330196165553,-1.66411035081843,-1.49143802022911,-1.07131023613715,-1.59784453592758,-1.39970550494578,-1.72009049985713,"0","Y","Y"
-0.817089496671131,-0.473225333636836,-1.11816043903775,0.15721634428041,0.90452661573455,0.713088382183589,0.229344550701105,-0.154559090883472,0.0886829151125081,0.11421144677987,-0.262181121820738,0.604455370516841,0.263948507911135,0.255753145137982,0.315359152512884,0.0660485283069323,-0.328050879866597,-0.60212066491908,-0.625344836095403,"0","N","N"
0.0547105048717206,-0.473225333636836,-1.2514816669732,-0.456883001504982,0.26139081130261,0.409498472070637,2.65838749295178,2.2433425162107,0.145654498615986,-0.0736010823083052,-0.239336815898775,-0.00335076384237852,-0.357541956759383,-0.0176889513742517,0.0349940740465098,-0.0998162913019798,-0.563197853211225,-0.67462837764878,-0.550459712552348,"0","N","N"
0.0547105048717206,-0.473225333636836,2.46646031851709,0.86726871284477,-0.377513836521226,0.497539546003393,-0.485079844078505,-0.684748390944496,0.145654498615986,0.180271689661041,-0.239336815898775,0.238715947296235,0.0195175143080848,-0.0488405826224811,-0.285684937637729,-0.768014565538166,-0.563197853211225,-0.819643803108181,-1.08873961510556,"0","N","N"
0.926510506414572,-0.473225333636836,0.0408741070462673,-11.8561021076463,-2.84850929565447,-1.97064642321491,-0.276248097912158,0.098485802327471,-25.0357854099213,8.67982545085649,-0.386786427076184,-2.27621390205715,-2.18036143226264,-2.15446010192489,-2.04850327410207,-1.43028909623212,-1.97407969327899,-1.54472093040518,-3.25745263299336,"0","Y","Y"
-0.817089496671131,-0.473225333636836,1.03218194701794,0.502647226284694,0.73104919480225,0.77077046510505,-0.089398640815952,-0.0581610363269224,0.0886829151125081,0.0866616593899638,-0.328637284582108,-0.680534273658231,0.158722609130942,-0.089222326602396,0.298867089073685,0.151350435656233,-0.845374221224777,-0.60212066491908,-0.744276583967704,"0","N","N"
0.0547105048717206,-0.473225333636836,0.817147708412373,0.291550576170965,-2.84850929565447,-1.97064642321491,1.87801623096174,1.65290443205184,0.145654498615986,-7.8263482412462,-0.258027611687092,-1.48893151429302,-1.44158793459862,-1.45527904481251,-1.47128105373013,-1.01207280043053,-1.45675635192081,-1.10967465402698,-1.40954332961271,"0","Y","Y"
0.0547105048717206,-0.473225333636836,-0.36984128869037,0.86726871284477,1.0356924705858,0.646298601958739,0.987733523620999,0.809421454682026,0.145654498615986,-0.0294621756298541,-0.210262244589434,0.553930543259955,0.352732860006923,0.0492293678341784,0.0808053606446358,-0.182748701461861,0.0011548828158808,-0.384597526729979,-0.618693250012578,"1","Y","Y"
0.0547105048717206,1.21884378614756,-0.326834440969256,0.86726871284477,0.498335581356483,0.603796014542926,-0.584000144894144,-0.612449850027084,0.487483999636854,-0.120406097443844,-0.318253509185689,-0.635288159426714,-0.242451129968546,-0.431890270332918,0.0294967195667769,0.0447230514696072,-0.751315431886926,-0.52961295218938,-0.832277062152038,"0","N","N"
0.926510506414572,-0.473225333636836,-0.36984128869037,0.329931785282551,0.41794360580249,0.64326270285761,0.229344550701105,0.435878993275395,0.0317113316090301,-0.874026087980621,-0.233106550636003,-0.0259738209581368,-0.0122694763868729,0.194603646992582,-0.155580881983876,-0.740765345371867,-0.61022724788015,-0.384597526729979,-0.641806188390564,"0","N","N"
0.926510506414572,-0.473225333636836,0.152691911121164,-0.226595746835461,-1.58762462643922,0.206093232294959,0.273309128841388,0.158734586425315,-0.82286242094314,-1.40487790521407,-0.278795162479929,-0.443746275544987,-0.376175709449155,-0.254210595575228,-0.190397459622536,-0.0239923734212074,-0.751315431886926,-0.67462837764878,-0.615059265487992,"0","N","N"
0.0547105048717206,-0.473225333636836,-0.311782044266866,-0.245786351391254,-1.01641848434506,-0.0519581913010501,-0.715893879314995,-0.419653740913984,-0.424061336418794,-0.735684682485073,-0.258027611687092,-0.259745411305127,-0.23477840796327,0.00769385950320599,-0.315004161896128,-0.499076607882183,-0.61022724788015,-0.52961295218938,-0.956282159758428,"0","N","N"
0.926510506414572,-0.473225333636836,-2.1933316320656,-11.8561021076463,-2.84850929565447,-1.97064642321491,-0.276248097912158,0.098485802327471,0.0886829151125081,0.109767932684723,-0.399246957601728,-2.42854248665167,-2.39300543609145,-2.32867848411399,-2.18227223314556,-1.50492826516276,-2.06813848261684,-1.68973635586458,-2.59322059116444,"0","Y","Y"
2.67011050950028,2.91091290593195,-0.464456353676821,0.86726871284477,0.646426062640153,0.561293427127113,0.328264851516743,0.435878993275395,0.145654498615986,0.346755351092515,-0.33486754984488,-0.390959142576525,-0.686372890447489,-0.360356895104774,-0.553222855284903,-0.871087703585238,-0.281021485197672,-0.167074388540878,-0.78018444890751,"1","N","N"
0.0547105048717206,1.21884378614756,-0.827864216920233,-0.49526421061657,0.346013943464707,0.518790839711299,0.789892921989722,1.27936197064521,0.0317113316090301,-0.4779608649666,-0.177034163271052,0.0562232867132719,-0.0352876417450403,0.0803809990824079,0.372165148070476,-0.161423224624535,-0.61022724788015,-0.747136090378481,-0.857769591649412,"0","Y","N"
1.79831050795742,1.21884378614756,-1.67724945941223,0.560219039952074,0.523722521005112,0.594688317239537,0.482140875007736,0.182834100064452,0.0886829151125081,0.8299134503714,-0.297485958268246,0.357864047955075,-0.138321333862206,0.0792272347313503,-0.060293403968683,-0.717070370634273,-0.375080274535523,-0.819643803108181,-1.17130875197147,"0","N","N"
-0.817089496671131,-0.473225333636836,-0.195663555419859,1.02079354929112,0.845290423221082,0.606831913644055,-0.902743336411201,-0.829345472779321,0.145654498615986,0.150055793814048,-0.299562713397372,-0.0847937694591086,-0.0889966938089898,0.208448816436239,0.0698106516851704,-0.591487007510592,-0.61022724788015,-0.312089814000279,-0.800174494084806,"0","N","N"
-0.817089496671131,-0.473225333636836,0.903161403854601,-1.56993806574101,-0.851403376628972,-1.97064642321491,-1.72707917654152,-1.74512699106654,-0.424061336418794,0.596480843239725,-0.378479406684286,-2.06129485945744,-2.01813817168702,-1.96178149385706,-1.83227399797255,-1.28811925064996,-0.516168458542299,-0.52961295218938,-0.578853738229258,"0","N","N"
-0.817089496671131,-0.473225333636836,0.273111084740283,0.521837830840487,1.06954172345064,0.570401124430501,0.119433105350395,0.11053555914704,0.0317113316090301,-0.461964214224074,-0.264257876949864,0.464946518453818,0.0162292049712039,-0.977620699006329,-1.29353325895873,-1.28811925064996,0.283331250829434,-0.312089814000279,-0.507712444005346,"0","N","N"
-0.817089496671131,-0.473225333636836,-1.07085290654453,0.0804539260572355,-0.25057913827808,-0.00338380568297779,-0.562017855824002,-1.04624109553156,-0.139203418901404,0.532790474542631,-0.353558345633197,-0.61040279659938,-0.00898116704999202,-0.130757834933368,0.23656373793689,0.972381293893249,-0.563197853211225,-0.167074388540878,-0.822759266818498,"0","N","N"
0.926510506414572,-0.473225333636836,-0.657987168421833,0.214788157947791,0.477179798315958,-1.97064642321491,-0.573009000359073,-1.23903720464466,0.0317113316090301,-0.191798557239191,-0.399246957601728,-2.43306709807482,-2.40177426096788,-2.3321397764749,-2.18227223314556,-1.50729776256544,0.988772170863315,2.73323412064713,-1.00599745845962,"0","N","N"
-0.817089496671131,-0.473225333636836,-0.387044027778816,1.57732108140913,-2.84850929565447,-1.97064642321491,-0.276248097912158,0.098485802327471,-1.90532250750922,1.81903968795092,-0.326560529577587,-1.77247383029468,-1.77261107448939,-1.63988130429203,-1.63620168812211,-1.17793762032378,-1.73893271993436,-1.39970550494578,-2.76236108559742,"0","Y","Y"
-0.817089496671131,-0.473225333636836,-1.73315836144968,1.19350899029326,1.02299900076149,-1.97064642321491,-0.331203820587512,-0.64859912048579,0.0886829151125081,0.145612279718902,-0.399246957601728,-2.43306709807482,-2.40177426096788,-2.3321397764749,-2.18227223314556,-1.50729776256544,1.5060955122215,2.66072640791743,-0.583680079461598,"0","N","N"
0.0547105048717206,-0.473225333636836,-1.11816043903775,0.982412340179532,0.392556666153861,0.51575494061017,-0.715893879314995,-0.757046931861908,-0.708919253936184,-0.34139686510911,-0.399246957601728,-2.43306709807482,-2.40177426096788,-2.3321397764749,-2.18227223314556,-1.50729776256544,1.31797793354579,1.42809529151253,-1.08278750701502,"0","N","N"
-0.817089496671131,-0.473225333636836,-0.66443819558,0.387503598949932,0.777591917491404,0.537006234318076,0.614034609428587,0.568426318290651,-0.082231835397926,-0.00961447933820152,-0.274641652346283,-0.399254263368149,0.0622655356875388,-0.136526655304139,0.110124584903035,0.201109881609991,-0.281021485197672,-0.0220589630814777,-0.479471518067999,"0","N","N"
-0.817089496671131,-0.473225333636836,3.30939453385092,-1.5891286702968,-0.787936027507399,0.582544720835019,0.0644773826750409,-0.17865860452261,-0.139203418901404,0.541973737005933,-0.185341183538345,0.915899457112088,-0.212856345936617,-0.535729041160348,-0.710813684436892,-0.791709539564911,-0.186962695859821,-0.747136090378481,-0.849316664764658,"0","N","N"
-0.817089496671131,-0.473225333636836,-0.782707026813063,0.176406948836203,0.650657219248258,0.649334501059869,0.844848644665076,0.978118050155987,0.145654498615986,-0.196538305607347,-0.272564897217157,-0.327614582652402,-0.5975885383517,-0.726100121010638,-0.848247546430212,-1.11988493335403,-0.375080274535523,-0.67462837764878,-1.26499611713617,"0","N","N"
-0.817089496671131,-0.473225333636836,-0.0429892460099046,0.253169367059377,0.523722521005112,0.458072857688709,-0.133363218956236,0.0261872614100586,0.0317113316090301,-0.165729941214334,-0.287102182871827,-0.257483105593551,0.347252344664676,0.102302517598951,0.308029346173416,0.279303296680183,-0.139933301190896,-0.167074388540878,-0.725185217187326,"0","N","N"
-0.817089496671131,-0.473225333636836,0.516099774364576,-0.552836024283951,0.134456113059463,0.382175380160471,-0.693911590244853,-0.516051795470534,-0.139203418901404,0.361270830469992,-0.280871917609055,0.756029853192421,-0.251219954647675,-0.723792593000781,-0.577044725063569,-0.0299161174610305,0.189272461491583,-0.52961295218938,-0.670731794575847,"0","N","N"
-0.817089496671131,1.21884378614756,0.610714839351027,1.00160294473533,0.91298892895076,0.70701658398133,-0.0784074962808812,-0.263006902259591,0.0317113316090301,0.131689268887444,-0.299562713397372,0.381995309180192,0.274909539253293,0.276520899303469,0.253055801376088,-0.22776915232593,-0.563197853211225,-0.45710523945968,-0.56220001525762,"0","N","Y"
0.0547105048717206,-0.473225333636836,-0.4945611470816,0.809696899177389,0.967993964856123,0.567365225329372,-0.704902734779924,-0.853444986418458,0.259597665622942,-0.0599743057498572,-0.0960407148550129,0.772620095228131,-0.0363837444188927,0.0180777365859495,-0.260030617098799,-0.0666433270958577,-0.0458745118530447,-0.747136090378481,-0.911525243700649,"0","N","N"
-0.817089496671131,-0.473225333636836,1.27947132141435,-0.456883001504982,0.0709887639378902,-1.97064642321491,0.0864596717451828,0.146684829605746,-0.310118169411838,1.63241209595478,4.19245854106144,0.245502864430963,0.0940525257248351,0.0746121787116366,0.36117043911101,0.812440217613311,-0.563197853211225,-0.52961295218938,-0.631388007228066,"0","Y","Y"
-0.817089496671131,1.21884378614756,-0.0429892460099046,-0.437692396949189,-2.84850929565447,-1.97064642321491,-0.276248097912158,0.098485802327471,-0.424061336418794,0.206340305685899,-0.318253509185689,-0.642075076561442,-0.92203505937141,-0.555343030974777,-0.641180526960629,-0.769199314488301,-0.563197853211225,-0.52961295218938,-0.642956428441337,"1","Y","Y"
0.0547105048717206,-0.473225333636836,-0.4945611470816,0.0420727169456492,0.477179798315958,0.685765290273423,1.41638816048876,1.02631707743426,-0.082231835397926,-0.0818956419525779,-0.326560529577587,-1.06965085604927,-0.988897349440545,-0.791864675868011,-1.07547153085952,-1.15779689215225,-0.657256642549076,-0.52961295218938,-1.1561143142498,"0","N","N"
0.0547105048717206,-0.473225333636836,-0.288128278020254,0.387503598949932,1.13724022918032,0.57950882173389,-0.594991289429215,-0.528101552290102,-0.025260251894448,0.251664149456389,-0.318253509185689,-0.311778442671371,0.3395796226594,0.499197374753045,0.139443809161433,-0.835545242189696,-0.422109669204448,-0.45710523945968,-0.571320548069913,"0","N","N"
0.0547105048717206,-0.473225333636836,4.41036983551144,0.886459317400563,0.498335581356483,0.193949635890441,-0.902743336411201,-1.11853963644897,0.0317113316090301,-0.683251216162349,-0.249720591295194,-0.0599084066317743,0.0403434730032237,-0.199983682151655,-0.481757247048376,-0.46827314086548,-0.328050879866597,-0.384597526729979,-0.668633929743017,"0","N","N"
0.926510506414572,-0.473225333636836,-0.8343152440784,0.771315690065803,0.329089317032288,0.634155005554221,0.207362261630963,0.423829236455826,-0.025260251894448,-0.385832006060571,-0.351481590628676,0.535832097567348,-0.243547232642399,0.0549981882049497,-0.5862069821633,-0.712331376255434,-0.139933301190896,-0.60212066491908,-0.888950146415182,"0","N","N"
0.926510506414572,-0.473225333636836,-0.455854984132598,-0.859885697176646,0.570265243694266,0.646298601958739,1.29548557060298,1.26731221382564,0.0886829151125081,0.127838223338318,-0.25387410142884,-0.290663589212509,-0.513188598266645,-0.206906266873484,-0.199559717821738,-0.418513694911722,-0.516168458542299,-0.384597526729979,-0.860072348327011,"0","Y","N"
-0.817089496671131,-0.473225333636836,-1.21062516163815,0.349122389838346,0.616807966383419,0.500575445104522,-0.990672492691768,-1.21493769100552,0.0317113316090301,-0.576606877878843,-0.220646020110458,0.113535031104885,-0.22272127394726,0.192296118982725,-0.430448605970517,-0.507369848400577,-0.328050879866597,-0.384597526729979,-1.164801159324,"0","N","N"
0.926510506414572,1.21884378614756,-1.43426076978794,0.86726871284477,-2.84850929565447,0.524862637913558,0.284300273376459,0.797371697862457,4.53246642838379,0.109767932684723,-0.399246957601728,-2.43306709807482,-2.40177426096788,-2.3321397764749,-2.18227223314556,-1.50729776256544,0.518478224174061,-1.18218236675668,-1.53026958855878,"0","N","N"
-0.817089496671131,-0.473225333636836,-0.580574842523828,-1.62750987940839,-0.07710171734578,-1.97064642321491,-0.693911590244853,-0.781146445501046,-0.139203418901404,0.760298396214111,-0.34940483549955,-0.251450290061041,-0.147090159198996,-0.261133180297056,-0.391967124612387,-0.260942116532052,-0.469139063873374,-0.60212066491908,-0.794989022980107,"0","N","N"
-0.817089496671131,-0.473225333636836,-0.922479281906684,1.19350899029326,-2.84850929565447,-1.97064642321491,-0.276248097912158,0.098485802327471,0.145654498615986,2.97050230713978,-0.399246957601728,-2.43306709807482,-2.40177426096788,-2.3321397764749,-2.18227223314556,-1.50729776256544,-1.59784453592758,-1.10967465402698,-1.87247596368411,"0","Y","Y"
-0.817089496671131,1.21884378614756,-0.434351560272041,0.809696899177389,0.206385775397246,0.543078032520335,-0.0124606290704556,-0.190708361342178,-0.082231835397926,0.555600513564381,-0.274641652346283,-0.50709083546911,0.0885720103825871,0.672261992798763,0.797293894869639,0.68448735658936,-0.751315431886926,0.0504487496482225,-0.519065728781609,"0","N","N"
-0.817089496671131,-0.473225333636836,-0.52466594048638,1.3854150358512,0.671813002288782,0.527898537014688,0.383220574192098,0.182834100064452,0.373540832629898,-0.080710704860539,0.051408896447001,0.716062452438735,-0.170108324557163,0.153068138661609,0.23656373793689,0.153719933556502,-0.328050879866597,-0.67462837764878,-0.710802378828546,"0","N","N"
-0.817089496671131,-0.473225333636836,-0.156957392470856,0.809696899177389,0.688737628721202,0.688801189374553,-0.0564252072107393,0.231033127342727,0.145654498615986,0.536345285818748,-0.25179734642432,0.0735676303511995,-0.169012221225649,-0.00845883795030824,-0.194062363342006,-0.754982329930084,-0.845374221224777,-0.819643803108181,-1.07912904929786,"0","N","N"
0.926510506414572,1.21884378614756,-1.23857961265687,0.790506294621596,0.219079245221561,0.521826738812429,0.460158585937594,0.279232154621002,0.202626082119464,-0.626078001471469,-0.147959591961712,-0.1979090550379,-0.313697832048415,-0.2588256522872,-0.322333967136124,-0.324918547044028,-0.845374221224777,-0.747136090378481,-0.798741389459448,"0","N","N"
0.926510506414572,-0.473225333636836,-1.46006487842061,0.713743876398422,-0.0559459343052556,0.421642068475155,1.70215791840061,1.91799908208235,0.145654498615986,0.243073355539106,-0.314099999052042,-0.00561306955395455,0.041439576334738,-0.143449240025968,0.161433227080365,0.479525829445352,-0.563197853211225,-0.52961295218938,-0.619314186131031,"0","N","N"
-0.817089496671131,-0.473225333636836,-0.503162516625823,0.848078108288977,-0.0644082475214653,0.51575494061017,0.657999187568871,0.182834100064452,0.145654498615986,0.206932774231918,-0.287102182871827,-0.0878101772253633,-0.581146991667295,-0.67533449994798,-0.522071180266241,-0.124696014278859,-0.375080274535523,-0.892151515837881,-1.19958894884573,"0","N","N"
-0.817089496671131,-0.473225333636836,-0.8343152440784,-0.341739374170222,0.815672326964348,0.600760115441796,-0.111380929886094,-0.130459577244335,-0.367089752915316,0.109767932684723,-0.399246957601728,-2.43306709807482,-2.40177426096788,-2.3321397764749,-2.18227223314556,-1.50729776256544,2.86994795762033,3.24078810975504,-0.958752813919936,"0","N","N"
-0.817089496671131,1.21884378614756,-0.718196755231392,0.0804539260572355,-2.84850929565447,-1.97064642321491,-0.276248097912158,0.098485802327471,0.8862850841612,-1.34622351915815,-0.191571448801118,-0.133810393059098,-0.577858682330414,-1.17606812792951,-0.917880702807005,-0.672049919770203,-0.186962695859821,-0.52961295218938,-1.36408010583449,"0","Y","Y"
0.926510506414572,-0.473225333636836,0.279562111898449,1.09755596751429,-2.84850929565447,-1.97064642321491,-0.276248097912158,0.098485802327471,-1.27863508897096,3.65658088343033,-0.368095631287867,-1.99342568811017,-1.93593043826499,-1.94793632441341,-1.78279780765495,-1.13173242050957,-1.22160937857618,-1.03716694129728,-2.0177858291384,"0","Y","Y"
0.926510506414572,1.21884378614756,1.03218194701794,-0.456883001504982,0.0625264507216805,-1.97064642321491,-0.133363218956236,-0.467852768192259,-0.196175002404882,-0.410419450720379,-0.39093993720983,-0.98443734061161,-1.17413877497974,-0.892242154334527,-1.20191068422322,-1.21703432785887,-0.516168458542299,-0.892151515837881,-1.0071437145023,"0","N","N"
-0.817089496671131,2.91091290593195,-1.27083474844771,-0.476073606060777,-0.24211682506187,-1.97064642321491,0.273309128841388,-0.0581610363269224,-0.139203418901404,0.519756166530203,-0.322407019319335,-0.63755046513829,-0.494554845576873,-0.610723708749407,-0.47442744180838,0.449907111378784,-0.563197853211225,-0.312089814000279,-0.7038491464187,"0","N","N"
-0.817089496671131,6.29505114550074,-0.0429892460099046,0.54102843539628,0.130224956451358,0.685765290273423,-0.847787613735846,-0.925743527335871,-0.594976086929228,0.389413086405918,-0.343174570236778,-0.998765276935744,-1.10398817623138,-1.25798538024039,-1.27520874398964,-0.895967426562117,-0.0458745118530447,-0.312089814000279,-0.497097908158278,"1","Y","N"
0.926510506414572,-0.473225333636836,-0.939682020995129,-0.111452119500699,-2.84850929565447,-1.97064642321491,-0.276248097912158,0.098485802327471,-0.367089752915316,0.294914353315811,-0.399246957601728,-1.1420446388197,-1.1807153936535,-0.973005642986616,-1.04981721032059,-0.863979211306129,-0.845374221224777,-0.60212066491908,-1.1717310568293,"0","Y","Y"
-0.817089496671131,-0.473225333636836,3.74806438060628,0.464266017173106,-0.534066631021106,0.318421499036751,1.37242358234848,1.42395905248003,0.430512416133376,0.155980479274243,-0.191571448801118,-0.695616311584583,-0.64252876573652,-0.659181801802208,-0.903221091227541,-0.720624616773828,-0.375080274535523,-0.384597526729979,-0.58822640183942,"0","N","N"
-0.817089496671131,-0.473225333636836,1.03218194701794,-0.725551465286092,-0.419825402602275,0.45200105948645,0.0424950936048991,0.0261872614100586,-0.53800450342575,0.50050093878457,-0.316176754056563,-0.402270671134404,-0.495650948908387,-0.607262416388492,-0.791441549773149,-0.917292903399442,-0.563197853211225,-0.60212066491908,-1.13226319608663,"0","N","N"
-0.817089496671131,-0.473225333636836,0.907462088626712,0.214788157947791,0.337551630248497,0.649334501059869,-0.627964723034427,-0.588350336387946,0.0317113316090301,0.0140842625025776,-0.312023243922917,-0.0825314637475326,0.0962447317302017,0.276520899303469,-0.0474662431494827,-0.687451653278555,-0.563197853211225,-0.45710523945968,-0.499673284818223,"0","N","N"
0.0547105048717206,1.21884378614756,-0.873021407027403,1.28946201307223,0.591421026734789,0.688801189374553,0.152406538955608,0.206933613703589,0.259597665622942,-0.493957515709125,-0.303716223531018,-0.45279549839129,-0.485786020897744,-0.202291210161512,-0.380972415652922,-0.473012135955169,-0.469139063873374,-0.60212066491908,-1.25078572941341,"0","N","N"
0.0547105048717206,-0.473225333636836,-0.350488207215869,-0.092261514944906,-0.631383233007518,0.336636893643528,-1.03463707083205,-0.998042068253283,0.202626082119464,0.0961411561262755,-0.274641652346283,1.38419673940828,0.120359000419883,-0.285362226823457,-0.670499751219027,-0.885304688143455,0.706595802849762,-0.67462837764878,-0.648108889193268,"0","N","N"
0.0547105048717206,-0.473225333636836,0.26450971519606,-1.53155685662942,-2.84850929565447,0.439857463081932,-1.01265478176191,-1.08239036599026,0.145654498615986,0.195379637584538,-0.324483774448461,-0.900732029283305,-1.1324868569318,-1.0549228952975,-1.17442391182455,-1.15068839987314,-0.704286037218001,-0.67462837764878,-1.01564046547608,"0","N","N"
-0.817089496671131,-0.473225333636836,-0.434351560272041,0.464266017173106,-0.297121860967234,0.245559920609643,0.734937199314367,0.532277047831945,-0.082231835397926,1.22064645647125,-0.291255693005474,-0.294434098580982,-0.0725551471245845,-0.0511481106323377,0.311694248793415,0.518622536980448,-0.375080274535523,-0.167074388540878,-0.541357961492492,"0","N","N"
-0.817089496671131,-0.473225333636836,0.752637436830702,1.3854150358512,0.760667291058985,0.366995884654824,0.0205128045347572,-0.00996200904864753,0.31656924912642,0.453399689376021,-0.316176754056563,-0.711452451565614,-0.643624869068035,-0.453811788849461,-0.353485643254258,-0.278713347229823,-0.422109669204448,-0.094566675811178,-0.60591084461905,"0","Y","N"
0.0547105048717206,-0.473225333636836,0.182796704525943,1.0783653629585,0.4264059190187,0.646298601958739,-1.22148652792826,-1.21493769100552,0.202626082119464,-1.13382354541016,-0.339021060103131,-0.651124299407745,-0.311505626043049,-0.121527722201683,-0.39746447909212,-0.638876955564081,-1.0805211945694,-0.892151515837881,-1.16895078832459,"0","N","N"
0.0547105048717206,-0.473225333636836,-0.840766271236567,0.291550576170965,-2.84850929565447,-1.97064642321491,-0.276248097912158,0.098485802327471,0.544455583140332,2.84193663265355,-0.355635100762322,-2.28677132874133,-2.25708865014512,-2.16830527136855,-1.97154031138581,-1.32958545558773,-1.22160937857618,-0.67462837764878,-0.896070707164923,"0","Y","Y"
0.0547105048717206,1.21884378614756,0.268810399968171,-1.78103471585474,-2.84850929565447,-1.97064642321491,-0.276248097912158,0.098485802327471,-1.05074875495705,1.04794187530657,-0.218569264981333,-1.62542395904225,-1.51721904934688,-1.53258124110368,-1.28437100141921,-0.551205551025361,-1.59784453592758,-1.32719779221608,-2.1691838281024,"0","Y","Y"
-0.817089496671131,-0.473225333636836,-0.931080651450906,0.732934480954215,-0.550991257453526,0.400390774767248,-0.144354363491307,-0.383504470455278,0.0317113316090301,0.192121060581431,-0.324483774448461,-1.06437214257144,-0.724736499158547,-0.782634563136326,-0.485422150767846,-0.528695325237902,-1.0805211945694,-0.892151515837881,-1.43262268849392,"0","N","N"
0.926510506414572,-0.473225333636836,-0.258023484615474,0.349122389838346,0.616807966383419,0.700944785779071,0.636016898498729,0.821471211501594,-0.025260251894448,-0.174320735131617,-0.255950856557966,-0.0485968780738951,-0.113110962498671,-0.00499754558939359,0.21090941739796,-0.205258926538471,-0.563197853211225,-0.52961295218938,-0.710735788978996,"0","Y","Y"
0.0547105048717206,1.21884378614756,-0.657987168421833,0.176406948836203,0.570265243694266,0.567365225329372,-0.529044422218789,-0.817295715959752,0.0317113316090301,-2.04918744901026,-0.147959591961712,-0.00410486589705748,-0.334523791401216,-0.0580706953541666,-0.296679646597195,-0.411405202632614,-0.751315431886926,-0.819643803108181,-0.957269624621413,"1","N","N"
-0.817089496671131,-0.473225333636836,-0.4945611470816,0.809696899177389,0.726818038194145,0.546113931621465,-0.957699059086555,-0.889594256877164,0.31656924912642,-1.1015340096521,-0.326560529577587,-0.162466265707366,-0.420019834160123,-0.57149572912055,-0.523903632125975,-0.640061704514216,-0.798344826555852,-0.964659228567582,-1.15778247535263,"0","N","N"
0.926510506414572,-0.473225333636836,1.16765351733945,-0.341739374170222,0.616807966383419,0.448965160385321,-0.715893879314995,-0.55220106592924,0.0317113316090301,1.28344812234931,2.66812030718517,0.114289133159564,-0.272045914000476,-0.598032303656807,-0.490919505247578,-0.175640209182752,-0.563197853211225,-1.10967465402698,-1.40261115553135,"0","Y","N"
0.926510506414572,-0.473225333636836,-0.36984128869037,0.445075412617313,-0.216729885413241,0.573437023531631,0.185379972560821,0.363580452357983,0.0886829151125081,-0.0285734728108248,-0.399246957601728,-0.967092996973683,-0.730217014500794,-0.943007775397185,-0.747462713935287,-0.29529982897746,-0.281021485197672,-0.384597526729979,-0.622388702090595,"0","N","N"
-0.817089496671131,-0.473225333636836,1.61922541841115,-3.22033005753925,-2.84850929565447,-1.97064642321491,-0.232283519771874,-0.443753254553121,-0.367089752915316,-0.834923163943336,4.71372406763136,-0.0727281388465505,-0.466056164876458,-0.64533663235855,-0.558720209764636,-0.967052349353201,-0.186962695859821,-0.45710523945968,-0.753248001048527,"0","Y","Y"
0.0547105048717206,1.21884378614756,-0.4945611470816,0.0996445306130303,-2.84850929565447,0.625047308250833,-0.770849601990349,-0.576300579568377,0.31656924912642,0.258181303462603,-0.326560529577587,-0.869813851375922,-1.3396503451553,-1.22914127769428,-1.11945036702723,-0.809480770475937,-1.03349179990048,-1.18218236675668,-1.6915541881769,"1","Y","Y"
0.926510506414572,-0.473225333636836,-0.759053260566451,-0.802313883509267,0.193692305572932,0.467180554992098,1.0646715353665,1.0504165910734,0.202626082119464,-1.00170305964782,-0.399246957601728,0.158781145336402,-0.155858983878125,-0.406507459455459,-0.271025326058265,-0.223030157236242,0.142243066822657,-0.384597526729979,-0.750410818142487,"0","N","N"
-0.817089496671131,-0.473225333636836,-0.111800202363687,0.0036915078340613,-0.140569066467353,-1.97064642321491,-0.276248097912158,0.098485802327471,0.0317113316090301,0.0638516203682139,-0.249720591295194,0.125600661717444,0.48536133681368,-0.0280728284569952,-0.296679646597195,-0.400742464213951,-0.328050879866597,-0.312089814000279,-0.634534235333299,"1","Y","Y"
1.79831050795742,-0.473225333636836,-0.931080651450906,0.368312994394139,0.320627003816078,0.655406299262128,0.394211718727169,1.0504165910734,0.430512416133376,0.0736273513775353,-0.260104366691613,-0.120990660844322,-0.436461380844529,-0.19075356941997,-0.347988288774525,-0.786970545186072,-0.516168458542299,-0.45710523945968,-0.500129738316848,"0","N","N"
0.926510506414572,1.21884378614756,0.258058688037892,0.617790853619455,0.684506472113097,0.482360050497745,-1.07860164897234,-1.08239036599026,-0.367089752915316,0.323649077797755,-0.183264428533825,0.705505025935536,0.779116971127608,0.75994806617268,0.70383886871418,-0.381786485276895,-0.186962695859821,-0.384597526729979,-0.66473870811635,"0","N","N"
-0.817089496671131,1.21884378614756,-1.15256591721464,0.732934480954215,-2.84850929565447,0.527898537014688,0.350247140586885,0.0864360455079022,-0.196175002404882,-0.915202651928975,-0.243490326032422,-0.515385956713196,-0.902305203350123,-0.866859343457069,-1.01866553530193,-0.855685970290141,-0.892403615893703,-0.892151515837881,-0.921533072029595,"0","N","Y"
-0.817089496671131,1.21884378614756,-1.38695323729471,-0.975029324511408,-2.84850929565447,-1.97064642321491,0.0205128045347572,0.279232154621002,0.487483999636854,0.646544435378371,-0.395093447468082,-1.93988445295129,-1.85153049857453,-1.61911355012654,-1.48227576268959,-1.00022531334607,-1.64487393059651,-1.10967465402698,-2.08537623386366,"1","N","Y"
0.0547105048717206,-0.473225333636836,0.316117932461396,1.02079354929112,0.625270279599629,0.661478097464387,0.108441960815325,-0.0943103067856286,-0.025260251894448,0.118951195148025,-0.260104366691613,-0.426401931907059,-0.344388719411859,-0.676488263606779,-0.776781938193686,-0.368754248957963,-0.375080274535523,-0.45710523945968,-0.769087848081221,"0","N","N"
0.0547105048717206,-0.473225333636836,1.03218194701794,0.464266017173106,0.718355724977936,0.552185729823724,-2.82619363004861,-2.73320705027118,-0.196175002404882,0.161312696188418,-0.345251325365904,0.103731706656364,-0.37727181278067,-0.302668688628029,-0.441443314929983,-0.249094629163256,-0.375080274535523,-0.60212066491908,-0.759006600174566,"0","N","N"
-0.817089496671131,-0.473225333636836,-0.221467664052527,-0.341739374170222,0.73104919480225,0.655406299262128,-0.111380929886094,-0.00996200904864753,0.0317113316090301,-0.0721199109432565,-0.291255693005474,0.0750758340080966,-0.301640698032405,-0.616492529812436,-0.923378057286737,-1.25494628665709,-0.563197853211225,-0.892151515837881,-1.31715418194223,"0","N","N"
-0.817089496671131,4.60298202571635,-0.580574842523828,0.809696899177389,-2.84850929565447,0.558257528025983,-0.562017855824002,-0.17865860452261,-0.481032919922272,1.83207399596335,-0.287102182871827,-1.04778190053573,-1.06124015485193,-0.98915834044013,-1.16709410592488,-1.07012548740027,-1.22160937857618,-0.964659228567582,-1.53044545405888,"1","Y","Y"
1.79831050795742,-0.473225333636836,-0.387044027778816,0.0612633215014423,0.0963757035865195,0.51575494061017,-0.111380929886094,-0.588350336387946,0.0886829151125081,0.140872531350746,-0.150036347090838,-1.20237279097757,-1.13687126960019,-1.29836712491257,-0.901388639367806,-0.989562574927406,-0.186962695859821,-0.384597526729979,-0.629782451966695,"0","N","N"
1.79831050795742,-0.473225333636836,0.470942584257407,-0.226595746835461,-0.127875596643038,0.442893362183062,-0.00146948453538465,-0.214807874981316,0.259597665622942,-0.0267960671727664,-0.172880653012801,-0.609648694544701,-0.736793633174557,-0.641875339997636,-0.809766065072082,-0.0879688039331829,-0.0929039065219702,0.122956462377923,-0.516147158281676,"0","N","N"
-0.817089496671131,-0.473225333636836,-0.774105657268841,-0.802313883509267,-0.335202270440177,0.518790839711299,-0.0454340626756684,0.0743862886883335,-0.367089752915316,0.0235637592388893,-0.2933324481346,-0.374368900540815,-0.510996392261278,-0.601493596017721,-0.54772550080517,0.108699481981583,-0.328050879866597,-0.239582101270579,-0.792372098807194,"0","N","N"
0.926510506414572,1.21884378614756,0.0881816395394926,-1.41641322929466,-2.84850929565447,-1.97064642321491,-0.496070988613576,-0.720897661403202,-1.84835092400574,1.26419289460368,-0.336944304974006,-1.72571951240627,-1.75616952780498,-1.59949956031211,-1.48960556869922,-0.718255119584408,-1.69190332526544,-1.32719779221608,-2.04924184960658,"1","Y","Y"
-0.817089496671131,2.91091290593195,-0.288128278020254,0.0804539260572355,0.612576809775314,0.546113931621465,-0.605982433964285,-0.467852768192259,0.0886829151125081,-0.449818609030674,-0.309946488793791,-0.473156249795473,-0.193126489915331,0.307672530551698,0.262218058475819,0.618141428887965,-0.61022724788015,0.122956462377923,-0.556622973071806,"0","N","N"
-0.817089496671131,-0.473225333636836,-0.176310473945358,0.982412340179532,0.532184834221322,0.527898537014688,0.756919488384509,1.12271513199081,0.373540832629898,0.187677546486285,-0.314099999052042,-0.476926759616406,-0.303832904037772,-0.330359027515343,-0.17024049356334,-0.365200002818409,-1.03349179990048,-0.892151515837881,-0.905589071642476,"0","N","N"
0.0547105048717206,1.21884378614756,-1.01924468927919,-0.341739374170222,-0.944488822007279,0.482360050497745,2.15279484433852,2.0143971366389,0.31656924912642,-0.0599743057498572,-0.30786973378927,0.273404635024552,0.371366613354357,-0.234596605760799,-0.0511311468689521,-0.343874525981084,-0.375080274535523,-0.67462837764878,-0.738842396929216,"0","N","N"
-0.817089496671131,-0.473225333636836,0.907462088626712,0.291550576170965,-2.84850929565447,-1.97064642321491,-0.276248097912158,0.098485802327471,-0.196175002404882,1.42178952784486,-0.299562713397372,-0.669222745100352,-0.444134102192143,-0.441120383064603,-0.692489169137958,-0.685082155378286,-0.704286037218001,-0.60212066491908,-0.955158100332264,"1","Y","Y"
-0.817089496671131,1.21884378614756,-0.795609081129398,0.924840526512151,-0.0982575003863043,0.749519171397143,-0.616973578499356,-0.696798147764065,0.259597665622942,-0.42049141600271,-0.193648203930243,0.240978253007811,-0.126264199846195,0.166913308105267,-0.309506807416395,-0.619920976627025,-0.61022724788015,-0.384597526729979,-0.487320014010684,"0","N","N"
-0.817089496671131,-0.473225333636836,1.92887472200317,0.15721634428041,0.282546594343134,0.385211279261601,-1.67212345386617,-1.38363428647948,-0.082231835397926,1.26567406596873,-0.386786427076184,1.36911470102947,-0.308217316706168,-0.630337699256094,-0.978351602084066,-1.12343917949358,0.236301856160508,-1.03716694129728,-0.932818059524269,"0","N","N"
0.0547105048717206,-0.473225333636836,2.1697130692414,0.86726871284477,-2.84850929565447,-1.97064642321491,-0.803823035595562,-0.889594256877164,0.487483999636854,-0.157435381570061,-0.314099999052042,0.125600661717444,0.0677460510297863,-0.225366493029114,-0.659505042259562,-0.962313354476767,-0.233992090528746,-0.52961295218938,-0.567539724389909,"0","N","N"
0.0547105048717206,-0.473225333636836,-0.176310473945358,1.57732108140913,-2.84850929565447,-1.97064642321491,-1.25445996153347,-1.22698744782509,0.145654498615986,0.696608027517017,0.0223343251376602,-0.759714973563385,-0.261084882658319,-0.298053632608315,0.174260386800094,2.46516467250601,-0.563197853211225,-0.094566675811178,-0.599079978172052,"1","N","N"
1.79831050795742,-0.473225333636836,-0.326834440969256,-0.533645419728156,-0.673694799088567,0.418606169374025,0.0974508162802537,-0.17865860452261,0.0317113316090301,-0.218163407537058,-0.343174570236778,-0.102138113097036,-0.181069355241659,0.0699971219996649,0.111957036762769,-0.506185100161291,-0.61022724788015,-0.52961295218938,-0.743143987381342,"0","N","N"
0.0547105048717206,-0.473225333636836,-0.759053260566451,0.138025739724617,-2.84850929565447,-1.97064642321491,-0.276248097912158,0.098485802327471,-0.082231835397926,4.23571888716438,-0.34940483549955,-0.680534273658231,-0.589915816346424,-0.817247486745469,-0.982016504704064,-0.662571930301675,-0.892403615893703,-0.892151515837881,-0.914999298757513,"0","Y","Y"
-0.817089496671131,-0.473225333636836,3.30939453385092,1.57732108140913,1.31071765011262,0.533970335216947,2.38360887957501,2.74943230263259,-0.367089752915316,0.0445963926225808,-0.399246957601728,-1.2287663574618,-1.44597234726701,-1.44951022444174,-1.47494595678991,-1.26442427633887,-0.516168458542299,-0.67462837764878,-1.30362050645121,"0","N","N"
-0.817089496671131,-0.473225333636836,2.46646031851709,1.00160294473533,1.06531056684254,0.57950882173389,0.438176296867452,0.496127777373239,-0.025260251894448,-0.769751623881193,-0.363942121154221,-1.65558803534741,-1.75068901226543,-1.68372434084054,-1.63620168812211,-1.31536847102951,-0.657256642549076,-0.964659228567582,-0.895193087096495,"0","N","N"
-0.817089496671131,-0.473225333636836,1.7912528092956,0.944031131067944,-2.84850929565447,-1.97064642321491,-0.627964723034427,-0.660648877305358,0.145654498615986,-0.7730102008843,-0.343174570236778,-1.1526020653229,-1.35499578850819,-1.14260896867142,-1.15426694543552,-1.03813727214428,-0.704286037218001,-0.67462837764878,-0.615487830929968,"0","N","N"
-0.817089496671131,-0.473225333636836,1.15690180540917,0.483456621728899,-2.84850929565447,0.315385599935622,-1.08959279350741,-2.22711726384929,-0.310118169411838,-0.650072977585258,-0.399246957601728,-2.43306709807482,-2.40177426096788,-2.3321397764749,-2.18227223314556,-1.50729776256544,-1.26863877324511,-1.32719779221608,-1.3755899052144,"0","Y","Y"
-0.817089496671131,-0.473225333636836,-0.939682020995129,1.57732108140913,1.27686839724778,0.564329326228242,-0.18831894163159,-0.00996200904864753,0.202626082119464,0.0911051734851099,-0.309946488793791,-0.547812338277475,-0.12736030317771,-0.494193532829376,-0.71447858705689,-0.726548360813651,-0.892403615893703,-0.819643803108181,-0.913103480049385,"0","N","N"
-0.817089496671131,-0.473225333636836,-0.326834440969256,0.732934480954215,0.41794360580249,0.518790839711299,0.196371117095892,0.459978506914533,-0.082231835397926,0.13613278298259,-0.220646020110458,-0.644337382273018,-0.0550174977663264,0.0930724041750074,0.549912943281661,0.667900874841724,-0.892403615893703,-0.45710523945968,-0.678172214261033,"0","N","N"
-0.817089496671131,-0.473225333636836,-0.0773947241867957,-0.648789047062918,-0.106719813602514,-1.97064642321491,-0.276248097912158,0.098485802327471,0.373540832629898,3.97532896118881,-0.399246957601728,-0.403024772736622,0.189413496494385,0.165759543754209,0.465620174225934,0.217696364068477,-0.563197853211225,-0.167074388540878,-0.483903442499158,"0","Y","Y"
0.0547105048717206,-0.473225333636836,-0.258023484615474,0.0612633215014423,-0.144800223075458,0.491467747801134,-0.00146948453538465,0.206933613703589,-0.310118169411838,-0.0718236766702468,-0.30786973378927,-1.2853240002512,-0.742274149174466,-0.836861476559898,-0.837252837470747,0.0233975746322823,-0.845374221224777,-0.45710523945968,-1.74441742241537,"0","N","N"
-0.817089496671131,-0.473225333636836,-1.11816043903775,0.905649921956358,0.40948129258628,-1.97064642321491,-0.243274664306945,-0.154559090883472,0.145654498615986,0.0200089479627724,-0.34940483549955,-1.17145461307019,-0.353157544090988,-0.176908399976313,0.0734755554046394,-0.0678280760459922,-1.26863877324511,-0.747136090378481,-0.803884174763154,"1","N","N"
-0.817089496671131,-0.473225333636836,-0.883773118957681,0.253169367059377,-1.19835821849357,-1.97064642321491,-0.276248097912158,0.098485802327471,0.0317113316090301,1.24079038703591,-0.270488142212637,-0.273319245574581,-0.00788506371847776,0.150760610651753,-0.173905396183338,-0.744319591511422,-0.186962695859821,0.122956462377923,-0.664375594235898,"0","Y","Y"
0.926510506414572,2.91091290593195,0.494596350504019,-0.053880305833318,-0.136337909859248,0.509683142407911,-0.924725625481342,-1.09444012280983,0.373540832629898,-0.155657975932003,3.02116867166025,0.224388010972101,0.026094132981847,0.397666131935472,0.099129875943569,-0.752612832029815,-0.939433010562628,-0.747136090378481,-0.726244963339993,"0","Y","N"
0.0547105048717206,-0.473225333636836,-0.303180674722644,-0.917457510844027,-2.84850929565447,0.448965160385321,-0.946707914551484,-0.901644013696733,-0.025260251894448,1.92449908914239,-0.357711855891448,-0.799682374317071,-0.905593512687004,-0.857629230725384,-0.917880702807005,-0.726548360813651,-1.22160937857618,-1.10967465402698,-1.06214636108656,"0","Y","Y"
0.926510506414572,-0.473225333636836,-1.47726761750905,1.13593717662588,0.841059266612977,0.682729391172293,0.636016898498729,0.544326804651514,0.202626082119464,-0.0507910432865553,-0.322407019319335,-0.955027366361125,-0.575666475667385,-0.39381605436286,-0.194062363342006,-0.324918547044028,-0.657256642549076,-0.239582101270579,-0.616335286365693,"0","N","N"
-0.817089496671131,-0.473225333636836,-1.16116728675887,0.617790853619455,-2.84850929565447,-1.97064642321491,-0.276248097912158,0.098485802327471,-1.4495498394814,0.109767932684723,-0.241413570903296,-1.70535876100208,-1.43720352193022,-1.3906682543062,-1.20007823280327,-0.638876955564081,-1.22160937857618,-0.819643803108181,-1.4248846064898,"0","Y","Y"
-0.817089496671131,-0.473225333636836,-0.580574842523828,-0.188214537723873,0.544878304045636,0.461108756789839,1.02070695722621,1.47215807975831,0.0886829151125081,0.109767932684723,-0.399246957601728,-2.43306709807482,-2.40177426096788,-2.3321397764749,-2.18227223314556,-1.50729776256544,1.36500732821472,3.24078810975504,-0.741874227087786,"0","N","N"
-0.817089496671131,-0.473225333636836,0.10968506340005,0.291550576170965,-0.419825402602275,0.0968008646542964,-0.232283519771874,-0.0581610363269224,0.0886829151125081,-1.50559755803739,-0.324483774448461,-0.42564782985238,-0.1218797871778,0.0526906601950931,0.1211192938625,-0.186302947601415,-0.61022724788015,-0.239582101270579,-0.840020266452271,"0","Y","N"
-0.817089496671131,-0.473225333636836,0.361275122568566,-2.64461192086544,-2.84850929565447,-0.1187479715259,-1.10058393804248,-0.901644013696733,-0.082231835397926,-1.20166119392939,3.00247787587193,0.304322812931934,-0.148186261872849,-0.614185001110321,-0.707148780717422,-0.672049919770203,0.142243066822657,-0.67462837764878,-0.927346308980906,"0","Y","N"
-0.817089496671131,-0.473225333636836,-1.0041922925768,1.02079354929112,0.849521579829187,0.658442198363257,0.668990332103942,0.351530695538414,-0.139203418901404,-0.121887268808893,-0.291255693005474,-0.0787609543790602,-0.349869234754107,-0.233442841409741,-0.659505042259562,-0.758536576069638,-0.139933301190896,-0.239582101270579,-0.87391677644926,"0","N","N"
-0.817089496671131,-0.473225333636836,-1.52027446523017,0.253169367059377,0.341782786856602,-1.97064642321491,-2.12276037980407,-2.01022164109706,-0.082231835397926,-0.446856266300577,-0.260104366691613,-0.0342689417497613,-0.27643032601121,-0.354588074041744,-0.80426871059235,-1.11988493335403,0.0011548828158808,-0.0220589630814777,-0.676014020162799,"1","N","N"
-0.817089496671131,-0.473225333636836,-0.8343152440784,0.483456621728899,0.92991355538318,0.546113931621465,-0.265256953377087,-0.238907388620453,-0.082231835397926,0.271215611475031,-0.305792978660144,-0.451287294734393,-0.198607005257579,-0.441120383064603,-0.360815448494254,-0.683897407139,-0.845374221224777,-0.892151515837881,-0.844910920958108,"0","N","N"
-0.817089496671131,-0.473225333636836,-0.759053260566451,-0.476073606060777,-0.297121860967234,0.433785664879673,-1.15553966071783,-1.08239036599026,0.487483999636854,-0.839662912311491,-0.312023243922917,-0.37135249277456,-0.85955718197067,-0.568034436759635,-0.732803102355823,-0.931509887957659,-0.704286037218001,-0.60212066491908,-0.809927345895817,"0","N","N"
0.0547105048717206,-0.473225333636836,-0.176310473945358,1.11674657207009,0.625270279599629,0.549149830722595,0.657999187568871,0.652774616027632,-0.025260251894448,-0.0644178198450033,-0.287102182871827,-0.522172873847923,-0.298352388695524,-0.189599805068912,-0.252700810759332,-0.724178862913382,-0.798344826555852,-0.819643803108181,-1.44978238049333,"0","N","N"
-0.817089496671131,-0.473225333636836,-0.8343152440784,-0.572026628839744,0.142918426275673,0.442893362183062,-0.100389785351023,-0.516051795470534,0.259597665622942,0.133170440252493,-0.378479406684286,-2.02132745856802,-2.04992516192161,-1.99293312510529,-1.87991773676025,-1.33432445046416,-0.516168458542299,-0.60212066491908,-1.14409683841008,"0","N","N"
0.926510506414572,1.21884378614756,-0.288128278020254,0.349122389838346,0.519491364397007,0.26073941611529,-0.0564252072107393,0.0864360455079022,-0.196175002404882,0.241888418447067,-0.378479406684286,-2.21211524025933,-2.1913224634075,-2.11753965009821,-1.98436747187517,-1.4089636193948,-0.61022724788015,-0.384597526729979,-1.64071938320165,"0","Y","N"
-0.817089496671131,-0.473225333636836,-1.38695323729471,1.02079354929112,1.16685832543705,0.573437023531631,0.130424249885466,-0.154559090883472,0.0317113316090301,-0.825739901480034,-0.303716223531018,-0.393975549890319,-0.140513540525234,-0.00499754558939359,-0.0401364379094862,-0.895967426562117,-0.986462405231554,-0.819643803108181,-1.23029768322452,"0","N","N"
1.79831050795742,-0.473225333636836,1.71169014101154,0.214788157947791,0.223310401829666,0.218236828699477,1.13061840257692,0.845570725140732,-0.481032919922272,0.168718553013662,-0.324483774448461,-0.230335437054641,-0.414539318160214,-0.340742904598087,-0.437778411210514,-0.674419416959623,-0.328050879866597,-0.384597526729979,-1.31564424287508,"0","N","N"
-0.817089496671131,-0.473225333636836,-1.27083474844771,-0.092261514944906,0.997612061112858,0.76773456600392,-0.441115265938222,-0.479902525011828,0.0886829151125081,0.171680895743759,-0.330714039711233,-0.58853384108584,-0.992185658777426,-1.76102653692403,-1.83410644939249,-1.50729776256544,0.42441943483621,-1.10967465402698,-0.654071811020063,"0","N","N"
0.0547105048717206,-0.473225333636836,-0.288128278020254,0.406694203505725,0.151380739491883,0.476288252295486,0.262317984306318,0.218983370523158,-0.025260251894448,-0.241565915104827,-0.399246957601728,0.513963142053808,0.408634118733901,0.17729718518801,0.24939089875609,0.472417337166244,-1.64487393059651,-1.32719779221608,-0.908702858538954,"0","N","N"
0.926510506414572,-0.473225333636836,0.141940199190885,0.809696899177389,-2.84850929565447,-1.97064642321491,-0.276248097912158,0.098485802327471,-0.025260251894448,0.0718499457394768,2.98171032458067,-0.336663805498705,-0.530726248282565,-0.531113984448376,-0.685159362798491,-0.782231550096383,-0.751315431886926,-0.67462837764878,-1.33852155563158,"0","Y","Y"
0.0547105048717206,-0.473225333636836,-0.657987168421833,0.579409644507868,-0.40713193277796,0.628083207351962,-0.0454340626756684,-0.250957145440022,-0.196175002404882,0.118358726602006,-0.287102182871827,0.129371171085916,-0.709391055805656,-1.04684654622462,-1.13594243046642,-0.971791344229635,-0.422109669204448,-0.964659228567582,-1.27387248716678,"0","N","N"
0.0547105048717206,-0.473225333636836,2.10735314004579,0.233978762503584,0.989149747896648,0.722196079486977,-0.0454340626756684,-0.504002038650965,-0.025260251894448,-0.245416960653954,-0.245567081161547,-0.340434314867177,-0.448518514860538,-0.48611718375649,-0.456102926509447,-0.412589951582748,-0.281021485197672,-0.52961295218938,-0.833669757552455,"0","N","N"
-0.817089496671131,-0.473225333636836,-0.350488207215869,-1.03260113817879,-0.652539016048043,0.418606169374025,0.515114308612949,0.713023400125476,0.145654498615986,-0.322437871636486,-0.25387410142884,0.0162558855071248,-0.216144655273498,-0.089222326602396,-0.263695519718798,-0.615181981537336,-0.563197853211225,-0.747136090378481,-0.834582095405691,"0","Y","N"
-0.817089496671131,2.91091290593195,-1.04074811313975,1.09755596751429,-2.84850929565447,-1.97064642321491,-0.166336652561449,0.29128191144057,-1.22166350546749,0.103843247224529,-0.374325896550639,-1.82752326942718,-1.78466820876846,-1.6860318691273,-1.52625459852746,-1.15424264601269,-1.78596211460329,-1.47221321767548,-1.75624138929059,"0","Y","Y"
-0.817089496671131,2.91091290593195,-1.18482105300548,0.713743876398422,-0.000940898399892202,0.57647292263276,0.866830933735218,0.773272184223319,0.658398750147288,-0.308811095078038,-0.326560529577587,-1.17899563180713,-0.789406582564653,-0.81147866568244,-0.47442744180838,-0.625844719955999,-1.0805211945694,-0.819643803108181,-0.756144944075957,"0","N","N"
-0.817089496671131,-0.473225333636836,-0.675189907510279,0.617790853619455,-2.84850929565447,-1.97064642321491,-0.276248097912158,0.098485802327471,0.658398750147288,0.450437346645924,-0.359788610895969,-1.5552924819834,-1.45583727527765,-1.39412954666711,-1.20007823280327,-0.489598617702806,-1.36269756258296,-1.10967465402698,-1.34774681094231,"0","Y","Y"
0.926510506414572,-0.473225333636836,-1.46006487842061,-1.83860652952212,-0.830247593588447,0.254667617913031,0.00952165999968625,-0.347355199996572,-0.082231835397926,-0.273855450862889,-0.366018876158741,-1.27099606437952,-1.03712588616225,-0.79878726058984,-1.06447682190006,-1.08908146683492,-0.281021485197672,0.195464175107623,-0.771165792873588,"0","N","N"
-0.817089496671131,-0.473225333636836,-0.258023484615474,0.617790853619455,0.764898447667089,0.409498472070637,0.17438882802575,0.194883856884021,-0.082231835397926,-0.539281359479616,-0.30786973378927,-0.11118733594334,-0.06488242577697,0.157683195373581,-0.252700810759332,-0.874641949724792,-0.61022724788015,-0.312089814000279,-0.818062121277165,"0","N","N"
4.41371051258598,-0.473225333636836,0.253758003265781,1.00160294473533,1.05684825362633,-1.97064642321491,2.36162659050486,2.207193245752,-0.53800450342575,-0.22675420145434,-0.141729326698939,-0.216007500730507,-0.1218797871778,0.0965336965359221,-0.107937142426544,-0.745504339750707,-0.422109669204448,-0.45710523945968,-0.75557409263067,"0","Y","Y"
1.79831050795742,-0.473225333636836,-0.580574842523828,1.09755596751429,0.760667291058985,0.64022680375648,-0.287239242447229,-0.407603984094415,0.0317113316090301,-0.0493098719215066,-0.303716223531018,-0.422631422538586,0.294639395274579,0.294981125459098,0.194417353958762,-0.324918547044028,-1.03349179990048,-0.747136090378481,-0.776948865192197,"0","N","N"
0.0547105048717206,-0.473225333636836,0.610714839351027,-0.572026628839744,-0.212498728805136,0.427713866677414,0.372229429657027,0.604575588749357,0.0886829151125081,-0.801448691093235,-0.00258673591342885,-0.301221015715709,0.268332920579531,0.298442417820012,0.304364443553418,-0.364015254579124,-1.03349179990048,-0.892151515837881,-1.11567890868461,"0","Y","N"
0.926510506414572,1.21884378614756,0.0645278732928802,0.464266017173106,-0.292890704359129,0.573437023531631,0.833857500130006,0.664824372847201,-0.196175002404882,-2.132725513999,-0.218569264981333,-0.037285349516016,0.0491122983400145,-0.2588256522872,-0.33332867609559,-0.760906073259058,-0.328050879866597,-0.45710523945968,-1.0227519199216,"1","N","N"
