obs,duration,new_car,used_car,furniture,radio_tv,education,retraining,install_rate,co_applicant,guarantor,real_estate,prop_unkn_none,age,other_install,rent,own_res,num_credits,num_dependents,telephone,foreign,response,amount
1,6,0,0,0,1,0,0,4,0,0,1,0,67,0,0,1,2,1,1,0,1,1169
2,48,0,0,0,1,0,0,2,0,0,1,0,22,0,0,1,1,1,0,0,0,5951
3,12,0,0,0,0,1,0,2,0,0,1,0,49,0,0,1,1,2,0,0,1,2096
4,42,0,0,1,0,0,0,2,0,1,0,0,45,0,0,0,1,2,0,0,1,7882
5,24,1,0,0,0,0,0,3,0,0,0,1,53,0,0,0,2,2,0,0,0,4870
6,36,0,0,0,0,1,0,2,0,0,0,1,35,0,0,0,1,2,1,0,1,9055
7,24,0,0,1,0,0,0,3,0,0,0,0,53,0,0,1,1,1,0,0,1,2835
8,36,0,1,0,0,0,0,2,0,0,0,0,35,0,1,0,1,1,1,0,1,6948
9,12,0,0,0,1,0,0,2,0,0,1,0,61,0,0,1,1,1,0,0,1,3059
10,30,1,0,0,0,0,0,4,0,0,0,0,28,0,0,1,2,1,0,0,0,5234
11,12,1,0,0,0,0,0,3,0,0,0,0,25,0,1,0,1,1,0,0,0,1295
12,48,0,0,0,0,0,1,3,0,0,0,0,24,0,1,0,1,1,0,0,0,4308
13,12,0,0,0,1,0,0,1,0,0,0,0,22,0,0,1,1,1,1,0,1,1567
14,24,1,0,0,0,0,0,4,0,0,0,0,,0,0,1,2,,0,,0,
15,15,1,0,0,0,0,0,2,0,0,0,0,28,0,1,0,1,1,0,0,1,1403
16,24,0,0,0,1,0,0,4,0,0,0,0,32,0,0,1,1,1,0,0,0,1282
17,24,0,0,0,1,0,0,4,0,0,0,0,53,0,0,1,2,1,0,0,1,2424
18,30,0,0,0,0,0,1,2,0,0,0,0,25,1,0,1,3,1,0,0,1,8072
19,24,0,1,0,0,0,0,4,0,0,0,1,44,0,0,0,1,1,1,0,0,12579
20,24,0,0,0,1,0,0,3,0,0,0,0,31,0,0,1,1,2,1,0,1,3430
21,9,1,0,0,0,,,,,,,,,,,,,,,,,
22,6,0,0,0,1,0,0,2,0,0,1,0,44,0,1,0,1,2,0,0,1,2647
23,10,1,0,0,0,0,0,1,0,0,1,0,48,0,1,0,2,2,0,1,1,2241
24,12,0,1,0,0,0,0,3,0,0,0,0,44,0,0,1,1,1,0,0,1,1804
25,10,0,0,1,0,0,0,2,0,0,0,0,26,0,0,1,2,1,0,1,1,2069
26,6,0,0,1,0,0,0,1,0,0,1,0,36,1,0,1,1,1,1,0,1,1374
27,6,0,0,0,1,0,0,,,,,,,,0,1,1,1,0,0,1,
28,12,0,0,0,1,0,0,3,0,0,1,0,42,0,1,0,2,1,0,0,1,409
29,7,0,0,0,1,0,0,3,0,1,1,0,34,0,0,1,1,1,0,0,1,2415
30,60,0,0,0,0,0,1,3,0,0,0,1,63,0,0,1,2,1,1,0,0,6836
31,18,0,0,0,0,0,1,3,0,0,1,0,36,1,0,1,1,1,1,0,1,1913
32,24,0,0,1,0,0,0,2,0,0,0,0,27,1,0,1,1,1,0,0,1,4020
33,18,1,0,0,0,0,0,2,0,0,0,0,30,0,0,1,2,1,1,0,1,5866
34,12,0,0,0,0,0,1,4,0,0,0,1,57,0,1,0,1,1,0,0,1,1264
35,12,0,0,1,0,0,0,4,0,0,0,0,33,1,0,1,1,1,1,0,1,1474
36,45,0,0,0,1,0,0,4,0,0,0,0,25,0,0,1,2,1,0,0,0,4746
37,48,0,0,0,0,1,0,1,0,0,0,1,31,1,0,0,1,1,1,0,1,6110
38,18,0,0,0,1,0,0,4,1,0,1,0,37,1,0,1,1,1,0,0,0,2100
39,10,0,0,0,0,0,0,2,0,0,0,0,37,0,0,1,1,1,1,0,1,1225
40,9,0,0,0,1,0,0,4,0,0,1,0,24,0,0,1,1,1,0,0,1,458
41,30,0,0,0,1,0,0,4,0,0,0,0,30,1,0,1,1,1,0,0,1,2333
42,12,0,0,0,1,0,0,3,0,0,0,0,26,0,0,1,1,1,1,0,1,1158
43,18,0,0,0,0,0,0,2,0,0,1,0,44,0,0,1,1,2,1,0,1,6204
44,30,0,1,0,0,0,0,1,0,0,0,0,24,0,1,0,2,1,0,0,1,6187
45,48,0,1,0,0,0,0,4,0,0,0,1,58,1,0,0,2,1,0,0,0,6143
46,11,1,0,0,0,0,0,4,0,0,0,0,35,0,0,1,2,1,0,0,1,1393
47,36,0,0,0,1,0,0,4,0,0,0,0,39,0,0,1,1,1,0,0,1,2299
48,6,0,1,0,0,0,0,,,,,,,,,,,,,,1,
49,11,1,0,0,0,0,0,1,0,0,0,0,39,0,0,1,2,1,0,0,1,7228
50,12,0,0,0,1,0,0,4,1,0,1,0,28,0,0,1,1,1,0,0,1,2073
51,24,0,0,1,0,0,0,4,0,0,0,0,29,1,0,1,1,1,0,0,1,2333
52,27,0,1,0,0,0,0,1,0,0,0,0,30,0,0,1,2,1,1,0,1,5965
53,12,0,0,0,1,0,0,3,0,0,0,0,25,0,0,1,1,1,0,0,1,1262
54,18,0,1,0,0,0,0,2,0,0,0,0,31,0,0,1,1,1,1,0,1,3378
55,36,1,0,0,0,0,0,4,0,0,0,1,57,,,,,,,,,2225
56,6,1,0,0,0,0,0,1,0,1,1,0,26,1,0,1,1,2,0,0,1,783
57,12,0,0,0,1,0,0,2,0,0,0,1,52,0,0,1,1,1,1,0,0,6468
58,36,0,0,0,1,0,0,2,0,0,0,0,31,1,0,1,2,1,0,0,1,9566
59,18,1,0,0,0,0,0,3,0,0,0,0,23,0,0,1,1,1,0,0,1,1961
60,36,0,0,1,0,0,0,4,1,0,0,1,23,0,1,0,2,1,1,0,0,6229
61,9,0,0,0,0,0,1,2,0,0,1,0,27,1,0,1,1,1,1,0,1,1391
62,15,0,0,0,1,0,0,4,0,1,1,0,50,0,0,1,2,1,1,0,1,1537
63,36,0,0,0,0,0,1,4,0,0,0,1,61,0,0,0,1,1,1,0,0,1953
64,48,0,0,0,0,0,1,2,0,0,0,0,25,0,0,1,1,1,1,0,0,14421
65,24,0,0,0,1,0,0,4,0,0,0,0,26,0,0,1,1,1,1,0,1,3181
66,27,0,0,0,0,0,0,4,0,0,0,0,48,0,0,1,4,2,1,0,1,5190
67,12,0,0,0,1,0,0,2,0,0,0,0,29,1,0,1,1,1,0,0,1,2171
68,12,1,0,0,0,0,0,4,0,0,1,0,22,0,0,1,1,1,0,0,1,1007
69,36,0,0,0,0,1,0,4,0,0,0,1,37,1,0,0,1,1,1,0,0,1819
70,36,0,0,0,1,0,0,4,0,0,0,0,25,0,0,1,1,1,0,0,1,2394
71,36,0,1,0,0,0,0,1,0,0,0,0,30,1,0,1,1,1,0,0,1,8133
72,7,0,0,0,1,0,0,4,0,0,0,0,46,0,1,0,2,1,1,0,1,730
73,8,0,0,0,0,0,0,3,0,0,0,1,51,1,0,0,2,2,1,0,1,1164
74,42,0,0,0,0,0,1,2,0,0,1,0,41,1,0,1,2,1,0,0,1,5954
75,36,0,0,0,0,1,0,4,0,0,0,1,40,0,0,1,1,1,1,0,0,1977
76,12,0,1,0,0,0,0,4,0,0,0,1,66,0,0,0,2,1,0,0,1,1526
77,42,0,0,0,1,0,0,4,0,0,0,0,34,0,0,1,1,1,0,0,0,3965
78,11,0,0,0,1,0,0,2,0,0,0,0,51,0,0,1,1,1,0,0,1,4771
79,54,0,1,0,0,0,0,2,0,0,0,0,39,0,0,1,1,2,0,0,1,9436
80,30,0,0,1,0,0,0,2,0,0,0,0,22,0,0,1,1,1,0,0,1,3832
81,24,0,0,0,1,0,0,1,0,0,0,0,44,0,0,1,2,1,1,0,0,5943
82,15,0,0,0,1,0,0,4,0,0,0,0,47,1,0,1,1,1,1,0,1,1213
83,18,0,0,0,0,0,1,3,0,0,0,0,24,0,1,0,1,1,0,0,1,1568
84,24,0,0,0,0,0,0,4,0,1,1,0,58,0,0,1,1,1,1,0,1,1755
85,10,0,0,0,1,0,0,3,0,0,1,0,52,0,0,1,1,1,0,0,1,2315
86,12,0,0,0,0,0,1,4,0,1,1,0,29,0,0,1,2,1,1,0,1,1412
87,18,0,0,1,0,0,0,4,0,0,0,0,27,0,0,1,2,1,0,0,1,1295
88,36,0,0,0,0,1,0,1,0,0,0,1,47,0,0,0,1,2,1,0,0,12612
89,18,1,0,0,0,0,0,4,0,0,0,0,30,0,0,1,1,2,1,0,1,2249
90,12,0,0,0,0,0,0,4,0,0,1,0,28,0,0,1,2,1,0,0,0,1108
91,12,0,0,0,1,0,0,4,0,0,1,0,56,0,0,1,1,1,0,0,1,618
92,12,0,1,0,0,0,0,4,0,0,1,0,54,0,0,1,1,1,0,0,1,1409
93,12,0,0,0,1,0,0,4,0,0,0,0,33,1,0,1,1,2,0,0,0,797
94,24,0,0,1,0,0,0,4,1,0,0,1,20,0,1,0,2,1,0,0,1,3617
95,12,1,0,0,0,0,0,4,0,0,1,0,54,0,0,1,1,1,1,0,1,1318
96,54,0,0,0,0,0,1,3,0,0,0,1,58,0,1,0,1,1,1,0,0,15945
97,12,0,0,0,0,1,0,4,0,0,0,0,,,,,,,0,0,1,2012
98,18,0,0,0,0,0,1,4,0,0,0,0,34,0,0,1,1,1,0,0,1,2622
99,36,0,0,0,1,0,0,4,0,0,1,0,36,0,0,1,1,1,0,0,1,2337
100,20,0,1,0,0,0,0,3,0,0,0,0,36,1,1,0,2,2,1,0,1,7057
101,24,1,0,0,0,0,0,4,0,0,1,0,41,0,1,0,1,1,0,0,1,1469
102,36,0,0,0,1,0,0,4,0,0,0,0,24,0,1,0,1,1,0,0,1,2323
103,6,0,0,0,1,0,0,3,0,0,1,0,24,0,0,1,1,1,0,0,1,932
104,9,0,0,1,0,0,0,4,0,0,0,0,35,0,1,0,1,1,1,0,1,1919
105,12,0,1,0,0,0,0,2,0,0,0,0,26,0,1,0,1,1,1,0,1,2445
106,24,0,0,0,0,0,0,2,1,0,0,0,39,0,0,1,2,2,1,0,0,11938
107,18,1,0,0,0,0,0,2,0,0,0,1,39,1,0,1,2,2,1,0,0,6458
108,12,1,0,0,0,0,0,2,0,0,0,0,32,0,0,1,1,1,0,0,1,6078
109,24,0,0,1,0,0,0,1,0,0,0,0,30,0,0,1,1,1,1,1,1,7721
110,14,0,0,0,0,0,1,1,0,0,1,0,35,0,0,1,1,1,1,0,1,1410
111,6,0,0,0,0,0,1,1,0,0,0,0,31,1,0,1,2,2,0,0,1,1449
112,15,0,0,0,0,1,0,4,0,0,0,0,23,0,1,0,1,1,1,0,1,392
113,18,1,0,0,0,0,0,3,0,0,1,0,28,0,1,0,1,1,0,0,1,6260
114,36,1,0,0,0,0,0,4,0,0,1,0,25,1,0,1,2,1,1,0,0,7855
115,12,0,0,0,1,0,0,3,0,0,1,0,35,0,0,1,1,1,0,0,1,1680
116,48,0,0,0,1,0,0,4,0,0,1,0,47,0,0,1,1,1,1,0,1,3578
117,42,0,0,0,1,0,0,4,0,0,0,0,30,0,0,1,1,1,1,0,0,7174
118,10,0,0,1,0,0,0,2,1,0,1,0,27,0,1,0,2,1,0,1,1,2132
119,33,0,0,1,0,0,0,1,0,0,0,0,23,0,0,1,2,1,0,0,0,4281
120,12,1,0,0,0,0,0,3,0,0,0,0,36,0,0,1,1,1,1,0,1,2366
121,21,0,0,0,1,0,0,3,0,0,1,0,25,0,0,1,2,1,1,0,0,1835
122,24,0,1,0,0,0,0,4,0,0,0,0,41,0,1,0,2,1,1,0,1,3868
123,12,0,0,1,0,0,0,3,0,0,1,0,24,0,1,0,1,1,0,0,1,1768
124,10,1,0,0,0,0,0,4,0,0,0,1,63,0,0,0,2,1,1,0,1,781
125,18,0,0,1,0,0,0,4,0,0,1,0,27,0,1,0,1,1,0,0,0,1924
126,12,1,0,0,0,0,0,4,0,0,0,0,30,0,0,1,2,1,0,0,1,2121
127,12,0,0,0,1,0,0,4,,0,1,0,40,0,0,1,1,1,0,0,1,701
128,12,0,0,0,0,0,0,4,0,0,0,0,30,0,0,1,1,1,0,0,0,639
129,12,0,1,0,0,0,0,4,0,0,0,0,34,0,0,1,2,1,1,0,1,1860
130,12,1,0,0,0,0,0,3,1,0,1,0,29,0,0,1,2,1,0,0,0,3499
131,48,1,0,0,0,0,0,1,0,0,0,0,24,0,0,1,1,1,0,0,1,8487
132,36,0,0,0,0,1,0,4,0,0,0,0,29,1,0,1,1,1,1,0,0,6887
133,15,0,0,1,0,0,0,2,0,0,0,0,27,1,0,1,2,1,0,0,1,2708
134,18,0,0,1,0,0,0,4,0,0,0,1,47,1,0,0,2,1,0,0,1,1984
135,60,0,0,0,1,0,0,2,0,0,1,0,21,0,0,1,1,1,1,0,1,10144
136,12,0,0,0,1,0,0,4,0,0,1,0,38,0,0,1,2,1,1,0,1,1240
137,27,0,1,0,0,0,0,2,0,0,0,0,27,0,0,1,2,1,0,0,1,8613
138,12,0,0,0,1,0,0,4,0,0,1,0,66,0,0,1,1,1,0,0,0,766
139,15,0,0,0,1,0,0,4,0,1,1,0,35,1,0,1,3,1,1,0,1,2728
140,12,0,0,0,1,0,0,2,0,0,0,0,44,0,1,0,1,1,1,0,1,1881
141,6,1,0,0,0,0,0,2,0,0,1,0,27,0,0,1,1,1,0,1,1,709
142,36,0,0,0,1,0,0,4,0,0,0,1,30,0,0,1,1,1,1,0,1,4795
143,27,0,0,0,1,0,0,3,0,0,0,0,27,0,0,1,1,1,0,0,1,3416
144,18,0,0,1,0,0,0,2,0,0,0,0,22,0,0,1,1,1,0,0,0,2462
145,21,0,0,1,0,0,0,4,0,0,0,0,23,0,0,1,1,1,1,0,1,2288
146,48,0,0,0,0,0,1,4,0,0,0,0,30,0,0,1,1,1,0,0,1,3566
147,6,1,0,0,0,0,0,1,0,0,0,1,39,0,0,1,2,1,1,0,1,860
148,12,1,0,0,0,0,0,4,0,0,0,0,51,0,0,1,2,1,1,0,1,682
149,36,0,0,1,0,0,0,3,0,1,0,0,28,0,0,1,2,1,0,0,1,5371
150,18,0,0,0,1,0,0,4,0,0,0,0,46,0,0,1,2,1,0,0,1,1582
151,6,0,0,0,1,0,0,2,0,0,0,1,42,1,0,0,1,2,1,0,1,1346
152,10,0,0,0,1,0,0,1,0,0,0,0,38,0,0,1,1,1,1,1,1,1924
153,36,0,0,0,1,0,0,4,0,0,0,0,24,0,0,1,1,1,0,0,1,5848
154,24,0,1,0,0,0,0,2,0,0,0,1,29,0,1,0,1,1,0,0,1,7758
155,24,0,0,0,0,0,1,4,0,0,0,0,36,0,1,0,1,1,1,0,1,6967
156,12,0,0,1,0,0,0,2,0,0,0,0,20,0,1,0,1,1,0,0,0,1282
157,9,0,0,0,0,0,0,3,0,1,1,0,48,0,0,1,2,2,0,1,1,1288
158,12,0,0,0,0,0,0,4,0,0,0,0,45,1,0,1,1,1,0,0,1,339
159,24,1,0,0,0,0,0,2,0,0,0,0,38,1,0,1,2,1,1,0,1,3512
160,6,0,0,0,1,0,0,1,0,0,1,0,34,0,0,1,2,2,0,0,1,1898
161,24,0,0,0,1,0,0,3,0,0,1,0,36,0,0,1,1,2,1,0,1,2872
162,18,1,0,0,0,0,0,4,0,0,0,0,30,0,0,1,2,1,0,0,1,1055
163,15,0,0,0,0,0,0,4,0,0,0,0,36,0,0,1,2,1,1,0,1,1262
164,10,1,0,0,0,0,0,2,0,0,0,1,70,1,0,0,1,1,1,0,1,7308
165,36,1,0,0,0,0,0,4,0,0,0,0,36,0,0,1,1,1,0,0,1,909
166,6,0,0,1,0,0,0,1,0,0,0,0,32,0,0,1,1,1,1,0,1,2978
167,18,0,0,1,0,0,0,4,0,0,0,0,33,0,0,1,1,1,0,0,0,1131
168,11,0,0,1,0,0,0,4,0,0,1,0,20,0,0,1,1,1,0,0,1,1577
169,24,0,0,1,0,0,0,2,0,0,0,0,25,0,1,0,1,1,1,0,1,3972
170,24,0,0,0,0,0,1,4,0,0,1,0,31,0,0,1,2,1,1,0,0,1935
171,15,1,0,0,0,0,0,4,0,0,0,0,33,0,1,0,2,2,0,0,0,950
172,12,0,0,1,0,0,0,4,0,0,1,0,26,0,0,1,1,1,1,0,1,763
173,24,0,0,1,0,0,0,3,0,0,0,0,34,0,0,1,1,1,1,0,0,2064
174,8,0,0,0,1,0,0,4,0,1,1,0,33,0,0,1,1,1,0,1,1,1414
175,21,0,0,0,0,1,0,2,0,0,0,0,26,0,0,1,2,1,0,0,0,3414
176,30,0,1,0,0,0,0,4,0,0,1,0,53,1,0,1,1,1,1,0,0,7485
177,12,0,0,1,0,0,0,2,0,0,0,0,42,0,0,1,1,1,0,0,1,2577
178,6,0,0,0,1,0,0,4,0,0,0,0,52,0,0,1,2,1,0,0,1,338
179,12,0,0,0,1,0,0,4,0,0,0,0,31,0,1,0,2,2,1,0,1,1963
180,21,1,0,0,0,0,0,4,0,0,1,0,65,0,0,1,2,1,0,0,1,571
181,36,0,0,0,0,0,1,1,0,0,0,0,28,0,0,1,2,1,0,0,0,9572
182,36,0,0,0,0,0,1,2,0,0,1,0,30,1,0,1,2,1,1,0,0,4455
183,21,1,0,0,0,0,0,4,0,0,0,0,40,0,0,1,2,2,0,0,0,1647
184,24,0,0,1,0,0,0,4,0,0,1,0,50,0,0,1,1,1,1,0,1,3777
185,18,1,0,0,0,0,0,4,0,0,0,0,36,1,0,1,1,2,1,0,0,884
186,15,0,0,0,1,0,0,4,0,0,0,0,31,0,0,1,2,1,0,0,1,1360
187,9,0,1,0,0,0,0,2,0,0,0,1,74,1,0,0,1,2,1,0,0,5129
188,16,1,0,0,0,0,0,2,0,0,0,0,68,0,0,0,3,1,1,0,1,1175
189,12,0,0,0,1,0,0,4,0,0,0,0,20,0,0,1,1,1,0,0,0,674
190,18,0,0,1,0,0,0,1,0,0,0,0,33,1,0,1,2,1,1,0,1,3244
191,24,0,0,0,0,0,1,2,0,0,0,0,54,0,0,1,3,1,1,0,0,4591
192,48,0,0,0,0,0,1,4,0,0,0,1,34,0,0,0,1,2,0,0,0,3844
193,27,0,0,0,0,0,1,4,0,0,0,0,36,0,0,1,1,2,1,0,0,3915
194,6,0,0,0,1,0,0,2,0,0,1,0,29,0,1,0,1,1,0,0,1,2108
195,45,0,0,0,1,0,0,4,0,1,0,0,21,0,1,0,1,1,0,0,0,3031
196,9,0,0,0,0,1,0,2,0,0,0,0,34,0,0,1,2,1,1,0,0,1501
197,6,0,0,0,1,0,0,1,0,0,0,0,28,0,0,1,2,1,1,0,1,1382
198,12,0,0,1,0,0,0,4,0,0,0,0,27,1,1,0,4,1,0,0,0,951
199,24,0,1,0,0,0,0,4,0,0,0,1,36,1,0,0,1,1,1,0,1,2760
200,18,0,0,1,0,0,0,4,0,0,0,1,40,0,0,1,1,1,1,0,0,4297
201,9,0,0,0,0,1,0,4,0,0,0,0,52,0,0,1,2,1,1,0,1,936
202,12,1,0,0,0,0,0,4,0,0,1,0,27,0,0,1,1,1,0,0,1,1168
203,27,0,0,0,0,0,1,3,0,0,0,0,26,0,0,1,2,1,0,0,1,5117
204,12,0,0,0,0,0,0,4,0,0,0,0,21,0,1,0,1,1,0,0,0,902
205,12,1,0,0,0,0,0,4,0,0,1,0,38,0,0,1,2,2,0,0,1,1495
206,30,0,1,0,0,0,0,3,0,0,0,1,38,0,0,0,3,2,1,0,1,10623
207,12,0,0,1,0,0,0,4,0,0,1,0,43,0,0,1,3,1,1,0,1,1935
208,12,0,0,0,0,0,0,4,0,0,0,0,26,0,0,1,1,1,0,0,1,1424
209,24,0,0,0,0,0,1,2,0,0,0,0,21,1,0,1,1,1,0,0,1,6568
210,12,0,1,0,0,0,0,3,0,0,0,0,55,0,0,1,1,1,0,1,1,1413
211,9,0,0,0,1,0,0,1,0,0,1,0,33,0,0,1,2,2,0,0,1,3074
212,36,0,0,0,1,0,0,2,0,0,1,0,45,0,0,1,1,1,1,0,1,3835
213,27,0,0,0,0,0,1,2,0,0,0,0,50,1,0,1,2,1,1,0,0,5293
214,30,0,0,0,0,0,1,4,0,0,1,0,66,0,0,1,1,1,1,0,0,1908
215,36,0,0,0,1,0,0,4,0,0,0,0,51,0,0,1,1,1,1,0,1,
216,6,0,0,0,0,0,0,1,0,0,0,0,39,0,0,1,2,1,0,0,1,932
217,18,0,0,0,0,0,1,3,0,0,0,0,31,1,0,1,1,1,1,0,1,3104
218,36,0,0,0,1,0,0,2,0,0,1,0,23,0,0,1,1,1,1,0,1,3913
219,24,0,0,1,0,0,0,2,0,0,1,0,24,0,1,0,1,1,0,0,1,3021
220,10,1,0,0,0,0,0,2,0,0,0,0,64,0,0,1,1,1,1,0,1,1364
221,12,0,0,0,1,0,0,4,0,1,1,0,26,1,0,1,1,1,0,0,1,625
222,12,0,0,0,0,1,0,4,0,0,0,0,23,1,1,0,1,1,1,0,1,1200
223,12,0,0,0,1,0,0,4,0,0,1,0,30,1,0,1,2,1,0,0,1,707
224,24,0,0,0,0,0,1,4,0,0,1,0,32,0,0,1,2,2,1,0,1,2978
225,15,0,1,0,0,0,0,3,0,0,0,0,30,0,0,1,1,1,1,0,1,4657
226,36,0,0,0,0,0,0,4,0,0,0,0,27,0,0,1,2,1,0,0,1,2613
227,48,0,0,0,1,0,0,1,1,0,0,1,27,1,0,1,2,1,1,0,0,10961
228,12,0,0,1,0,0,0,4,0,0,0,1,53,0,0,0,1,1,1,0,0,7865
229,9,0,0,0,1,0,0,4,0,0,0,0,22,0,0,1,1,1,0,0,0,1478
230,24,0,0,1,0,0,0,4,0,0,0,1,22,1,0,0,1,1,0,0,1,3149
231,36,0,0,0,1,0,0,4,0,0,0,0,26,0,0,1,1,1,0,0,0,4210
232,9,1,0,0,0,0,0,2,0,0,0,1,51,0,0,0,1,1,0,0,1,2507
233,12,0,0,0,1,0,0,3,0,0,0,1,35,0,0,1,1,1,0,0,1,2141
234,18,0,0,0,1,0,0,4,0,1,1,0,25,0,0,1,1,1,0,0,1,866
235,4,0,0,0,1,0,0,2,0,0,1,0,42,0,0,1,3,2,0,0,1,1544
236,24,0,0,0,1,0,0,4,0,0,0,0,30,1,0,1,1,2,0,0,0,1823
237,6,1,0,0,0,0,0,1,0,0,0,0,23,0,0,1,1,1,1,0,0,14555
238,21,0,0,0,0,0,1,4,0,0,0,0,61,1,1,0,2,1,0,0,0,2767
239,12,0,0,0,1,0,0,4,0,0,0,0,35,0,0,1,2,1,0,0,1,1291
240,30,0,0,0,1,0,0,1,0,1,0,0,39,0,0,1,1,2,0,0,1,2522
241,24,1,0,0,0,0,0,4,0,0,0,0,29,1,0,1,1,1,0,0,0,915
242,6,0,0,0,1,0,0,3,0,0,0,0,51,0,0,1,1,2,0,0,1,1595
243,48,0,1,0,0,0,0,3,0,0,0,1,24,0,0,0,2,2,0,0,0,4605
244,12,0,0,0,0,0,1,3,0,0,1,0,27,0,0,1,2,1,0,0,1,1185
245,12,0,0,0,0,0,0,4,0,0,1,0,35,0,0,1,1,2,0,0,1,3447
246,24,0,0,0,0,0,1,4,0,0,1,0,25,0,0,1,1,1,1,0,1,1258
247,12,0,0,0,1,0,0,4,0,0,1,0,52,0,0,1,3,1,0,0,1,717
248,6,1,0,0,0,0,0,4,0,0,0,1,35,1,1,0,1,1,0,1,1,1204
249,24,0,0,1,0,0,0,2,0,0,1,0,26,0,0,1,1,1,0,0,1,1925
250,18,0,0,0,1,0,0,3,1,0,1,0,22,0,1,0,1,1,0,0,0,433
251,6,1,0,0,0,0,0,3,0,0,1,0,39,0,0,1,2,1,1,0,1,666
252,12,0,0,1,0,0,0,1,0,0,0,0,46,0,0,1,1,1,0,0,1,2251
253,30,1,0,0,0,0,0,4,0,1,0,1,24,1,0,1,1,1,0,0,0,2150
254,24,0,0,1,0,0,0,2,0,0,0,0,35,0,0,1,2,1,0,0,1,4151
255,9,0,0,1,0,0,0,2,0,0,0,0,24,0,0,1,1,1,1,0,1,2030
256,60,0,0,0,1,0,0,1,0,0,1,0,27,0,0,1,1,1,0,0,1,7418
257,24,0,0,0,1,0,0,4,0,0,1,0,35,0,0,1,2,1,0,0,1,2684
258,12,0,0,0,1,0,0,4,0,0,0,1,29,0,0,0,1,1,0,0,0,2149
259,15,0,1,0,0,0,0,1,0,0,0,0,23,0,0,1,1,1,1,0,1,3812
260,11,0,0,0,1,0,0,4,0,0,1,0,57,0,0,1,3,1,0,0,1,1154
261,12,0,0,1,0,0,0,2,0,0,1,0,27,0,0,1,1,1,0,0,1,1657
262,24,0,0,0,1,0,0,4,0,0,0,0,55,0,0,1,1,1,0,0,1,1603
263,18,1,0,0,0,0,0,2,0,0,0,1,36,0,0,0,3,1,1,0,1,5302
264,12,0,0,0,0,1,0,2,0,0,0,1,57,1,0,0,3,1,0,0,1,2748
265,10,1,0,0,0,0,0,3,0,0,1,0,32,0,0,1,2,2,0,1,1,1231
266,15,0,0,0,1,0,0,4,0,0,0,0,37,0,0,1,1,2,0,0,0,802
267,36,0,0,0,0,0,1,,,,,,,,,1,2,1,0,0,1,
268,24,0,0,0,1,0,0,4,0,0,0,0,38,1,0,1,1,1,1,0,1,1533
269,14,1,0,0,0,0,0,1,0,0,0,0,45,0,0,1,1,1,1,1,0,8978
270,24,0,0,0,1,0,0,4,0,0,0,0,25,0,0,1,2,1,0,0,1,999
271,18,1,0,0,0,0,0,4,0,0,0,0,32,0,0,1,1,1,0,1,1,2662
272,12,0,0,1,0,0,0,3,0,0,0,0,37,0,1,0,1,1,1,0,1,1402
273,48,1,0,0,0,0,0,4,1,0,0,1,36,0,0,0,1,1,1,0,1,12169
274,48,0,0,0,1,0,0,4,0,0,1,0,28,0,0,1,2,1,0,0,0,3060
275,30,0,0,0,0,0,0,1,0,0,0,1,34,0,0,1,1,1,1,0,0,11998
276,9,0,0,0,1,0,0,1,0,0,1,0,32,0,0,1,1,2,0,0,1,2697
277,18,0,0,0,1,0,0,2,0,0,0,0,26,0,0,1,2,1,0,0,1,2404
278,12,0,0,1,0,0,0,2,0,0,0,0,49,0,0,1,1,1,1,0,1,1262
279,6,0,0,1,0,0,0,1,0,0,0,0,32,0,0,1,1,1,0,0,0,4611
280,24,0,0,0,1,0,0,4,0,0,0,0,29,0,1,0,1,1,1,0,1,1901
281,15,0,1,0,0,0,0,3,0,0,0,1,23,0,1,0,2,1,1,0,1,3368
282,12,0,0,1,0,0,0,4,0,0,1,0,50,0,0,1,1,1,0,0,1,1574
283,18,0,0,0,1,0,0,4,0,0,0,0,49,1,0,1,1,1,0,0,1,1445
284,15,0,0,1,0,0,0,4,0,0,0,0,63,0,0,1,1,1,0,0,1,1520
285,24,1,0,0,0,0,0,4,0,0,0,0,37,0,0,1,1,1,1,0,1,3878
286,47,1,0,0,0,0,0,1,0,0,1,0,35,0,0,1,1,1,1,0,1,10722
287,48,0,1,0,0,0,0,4,0,0,0,0,26,0,0,1,1,2,0,0,1,4788
288,48,0,0,0,0,0,0,2,0,0,0,1,31,0,0,0,1,1,1,0,1,7582
289,12,0,0,0,1,0,0,4,0,1,1,0,49,0,0,1,2,1,1,0,1,1092
290,24,0,0,0,1,0,0,4,0,0,1,0,48,1,0,1,1,1,0,0,0,1024
291,12,0,0,0,0,0,1,2,0,0,1,0,26,0,0,1,1,1,1,1,1,1076
292,36,0,1,0,0,0,0,1,0,0,0,0,28,0,1,0,1,1,1,0,0,9398
293,24,0,1,0,0,0,0,2,0,0,0,1,44,0,0,0,2,2,1,0,1,6419
294,42,0,1,0,0,0,0,4,0,0,0,1,56,0,0,0,1,1,0,0,1,4796
295,48,0,0,0,0,0,1,4,0,0,0,0,46,1,0,1,2,2,0,0,1,7629
296,48,0,0,1,0,0,0,1,0,0,0,0,26,0,0,1,1,1,1,0,0,9960
297,12,0,1,0,0,0,0,1,0,0,0,0,20,0,1,0,1,1,0,0,1,4675
298,10,1,0,0,0,0,0,4,1,0,0,0,45,0,0,1,1,1,0,1,1,1287
299,18,0,0,1,0,0,0,3,0,0,1,0,43,0,0,1,1,1,1,0,1,2515
300,21,0,0,1,0,0,0,3,0,0,0,0,32,0,0,1,2,1,1,0,1,2745
301,6,1,0,0,0,0,0,1,0,0,1,0,54,0,0,1,1,1,1,0,1,672
302,36,0,0,0,1,0,0,4,0,0,0,0,42,0,0,1,1,1,1,0,0,3804
303,24,1,0,0,0,0,0,4,0,0,1,0,37,1,0,1,2,2,0,0,0,1344
304,10,1,0,0,0,0,0,4,1,0,0,0,49,0,0,1,2,1,1,0,1,1038
305,48,1,0,0,0,0,0,2,0,0,0,1,44,1,0,0,1,1,0,0,0,10127
306,6,0,0,1,0,0,0,4,0,0,1,0,33,0,0,1,1,1,0,0,1,1543
307,30,0,1,0,0,0,0,2,0,0,0,0,24,1,1,0,1,1,0,0,1,4811
308,12,0,0,0,1,0,0,4,0,0,0,1,33,0,0,1,1,1,1,0,0,727
309,8,0,0,1,0,0,0,3,0,0,1,0,24,0,0,1,1,1,0,0,0,1237
310,9,1,0,0,0,0,0,4,0,0,1,0,22,0,1,0,1,1,0,0,1,276
311,48,0,0,0,0,0,0,3,0,0,0,1,40,1,0,0,1,1,1,0,1,5381
312,24,0,0,1,0,0,0,4,0,0,0,0,25,1,0,1,1,1,0,0,1,5511
313,24,0,0,1,0,0,0,2,0,0,0,0,26,0,0,1,1,1,0,0,1,3749
314,12,1,0,0,0,0,0,2,0,0,0,0,25,1,0,1,1,1,0,0,0,685
315,4,1,0,0,0,0,0,1,0,0,1,0,29,0,0,1,1,2,0,1,1,1494
316,36,0,0,1,0,0,0,4,0,0,0,0,31,1,0,1,1,1,0,0,0,2746
317,12,0,0,1,0,0,0,2,0,1,0,0,38,0,0,1,1,2,0,0,1,708
318,24,0,0,1,0,0,0,1,0,0,0,0,48,0,0,1,1,1,1,0,1,4351
319,12,0,0,0,0,1,0,4,0,0,0,0,32,0,0,1,2,1,0,0,1,701
320,15,0,0,1,0,0,0,1,0,0,0,0,27,0,0,1,2,1,0,0,1,3643
321,30,1,0,0,0,0,0,4,0,0,0,0,28,0,0,1,2,1,0,0,0,4249
322,24,0,0,0,1,0,0,4,0,0,0,0,32,0,0,1,1,1,0,0,0,1938
323,24,0,1,0,0,0,0,2,0,0,0,1,34,0,0,0,1,1,1,0,1,2910
324,18,0,0,1,0,0,0,4,0,0,0,0,28,0,0,1,1,1,0,0,1,2659
325,18,1,0,0,0,0,0,4,0,0,1,0,36,0,0,1,2,1,0,0,1,1028
326,8,1,0,0,0,0,0,1,0,0,1,0,39,0,0,1,2,1,0,1,1,3398
327,12,0,0,1,0,0,0,2,0,0,0,0,49,0,1,0,1,1,1,0,1,5801
328,24,1,0,0,0,0,0,4,0,0,0,0,34,0,0,1,1,2,1,0,1,1525
329,36,0,0,0,1,0,0,4,0,0,0,0,31,0,0,1,1,1,0,0,1,4473
330,6,0,0,0,1,0,0,4,0,0,0,0,28,0,0,1,1,2,0,0,1,1068
331,24,0,1,0,0,0,0,2,0,0,0,1,75,0,0,0,2,1,1,0,1,6615
332,18,0,0,0,0,1,0,4,0,0,1,0,30,0,0,1,2,1,0,0,0,1864
333,60,1,0,0,0,0,0,4,0,0,0,0,24,0,0,1,1,1,0,0,0,7408
334,48,0,1,0,0,0,0,2,0,0,0,0,24,1,1,0,2,1,0,0,0,11590
335,24,0,0,1,0,0,0,3,0,0,0,1,23,1,1,0,2,2,0,0,0,4110
336,6,0,0,1,0,0,0,1,0,0,1,0,44,0,1,0,1,1,1,0,0,3384
337,13,0,0,0,1,0,0,2,0,1,0,0,23,0,0,1,1,1,0,0,1,2101
338,15,0,0,0,0,0,0,4,0,0,0,0,24,0,1,0,1,1,0,0,0,1275
339,24,0,0,1,0,0,0,4,0,0,0,0,28,0,0,1,1,1,0,0,1,4169
340,10,0,0,1,0,0,0,4,0,0,0,0,31,0,0,1,1,1,0,0,1,1521
341,24,0,0,0,0,1,0,2,0,0,0,1,24,0,0,0,2,1,1,0,1,5743
342,21,0,0,1,0,0,0,1,0,0,0,0,26,0,1,0,1,1,0,0,1,3599
343,18,0,0,0,1,0,0,1,0,0,1,0,25,0,1,0,1,1,0,0,1,3213
344,18,0,0,0,0,0,1,1,1,0,1,0,33,1,0,1,1,1,1,0,1,4439
345,10,1,0,0,0,0,0,1,0,1,0,0,37,0,0,1,1,2,0,0,1,3949
346,15,0,0,0,1,0,0,4,0,0,0,0,43,0,0,1,1,1,0,0,1,1459
347,13,0,0,0,1,0,0,4,0,1,1,0,23,0,0,1,2,1,0,0,1,882
348,24,0,0,0,1,0,0,1,0,0,0,1,23,0,1,0,1,1,0,0,1,3758
349,6,0,0,0,0,0,1,1,0,0,1,0,34,0,0,1,2,1,0,0,1,1743
350,9,0,0,0,0,1,0,4,0,0,0,1,32,0,0,0,2,2,0,0,0,1136
351,9,0,0,0,0,0,0,1,0,0,1,0,23,0,1,0,1,1,1,0,1,1236
352,9,0,0,1,0,0,0,1,0,0,0,0,29,0,0,1,1,1,0,1,0,959
353,,0,1,0,0,0,0,2,0,0,0,1,38,0,0,1,1,1,1,0,1,3229
354,12,0,0,0,1,0,0,4,0,0,0,0,28,0,1,0,2,1,1,0,0,6199
355,10,0,0,0,0,1,0,4,0,0,0,1,46,0,0,0,1,1,1,0,1,727
356,24,1,0,0,0,0,0,4,0,0,1,0,23,1,0,1,1,1,0,0,0,1246
357,12,0,0,0,1,0,0,1,1,0,1,0,49,0,0,1,1,1,1,0,1,2331
358,36,0,0,0,1,0,0,4,0,0,0,0,26,0,0,1,2,1,1,0,0,4463
359,12,0,0,0,1,0,0,4,0,0,1,0,28,0,0,1,1,1,0,0,1,776
360,30,0,0,1,0,0,0,4,0,0,1,0,23,0,1,0,1,1,0,0,0,2406
361,18,0,0,0,0,1,0,4,0,0,0,1,61,0,0,0,1,1,0,0,1,1239
362,12,0,0,0,1,0,0,2,0,0,0,0,37,0,0,1,1,1,0,0,1,3399
363,12,1,0,0,0,0,0,2,0,0,0,0,36,1,0,1,2,1,1,0,1,2247
364,6,0,0,1,0,0,0,1,0,0,0,0,21,0,1,0,1,1,0,0,1,1766
365,18,0,0,1,0,0,0,4,0,0,0,0,25,0,0,1,1,1,0,0,0,2473
366,12,0,0,0,0,0,1,2,0,0,0,0,36,0,0,1,1,1,1,0,1,1542
367,18,0,1,0,0,0,0,3,0,0,0,0,27,0,0,1,2,1,0,0,1,3850
368,18,0,0,1,0,0,0,1,0,0,0,0,22,0,1,0,1,1,0,0,1,3650
369,36,0,0,1,0,0,0,4,0,0,0,0,42,0,0,1,1,2,0,0,0,3446
370,18,0,0,1,0,0,0,2,0,0,1,0,40,0,1,0,1,1,0,0,1,3001
371,36,1,0,0,0,0,0,4,0,0,1,0,36,0,0,1,1,1,0,0,1,3079
372,18,0,0,0,1,0,0,3,0,0,0,0,33,0,0,1,2,1,1,0,1,6070
373,10,0,0,1,0,0,0,1,0,0,1,0,23,0,1,0,2,1,0,0,1,2146
374,60,1,0,0,0,0,0,2,0,0,0,1,63,1,0,0,1,1,1,0,1,13756
375,60,0,0,0,0,0,0,3,0,0,0,1,60,1,0,0,2,1,1,0,0,14782
376,48,0,0,0,0,0,1,2,0,1,0,0,37,0,1,0,1,1,0,0,0,7685
377,18,0,0,0,1,0,0,2,0,0,1,0,34,0,0,1,2,1,0,0,1,2320
378,7,0,0,0,1,0,0,3,0,0,0,1,36,0,0,0,1,1,0,0,1,846
379,36,1,0,0,0,0,0,4,0,0,0,1,57,0,0,0,1,1,1,0,0,14318
380,6,1,0,0,0,0,0,4,0,0,0,0,52,0,0,1,2,1,0,0,1,362
381,20,0,0,1,0,0,0,4,0,0,0,0,39,0,0,1,1,1,1,0,1,2212
382,18,0,1,0,0,0,0,3,0,0,0,1,38,0,0,0,1,1,1,0,0,12976
383,22,1,0,0,0,0,0,4,0,0,0,0,25,0,1,0,1,1,0,0,1,1283
384,12,1,0,0,0,0,0,4,0,0,1,0,26,0,0,1,1,1,0,0,1,1330
385,30,0,0,0,0,0,1,2,0,0,0,0,26,0,0,1,2,1,0,0,1,4272
386,18,0,0,0,1,0,0,2,0,0,0,0,25,0,0,1,2,1,0,0,1,2238
387,18,0,0,0,1,0,0,4,0,0,1,0,21,0,1,0,1,1,1,0,1,1126
388,18,0,0,1,0,0,0,4,0,0,0,0,40,1,0,1,2,1,1,0,1,7374
389,15,0,0,0,0,0,1,2,0,0,0,0,27,1,0,1,1,1,0,0,1,2326
390,9,0,0,0,0,0,1,3,0,0,0,0,27,0,0,1,2,1,0,0,1,1449
391,18,1,0,0,0,0,0,2,0,0,0,0,30,0,0,1,1,1,1,0,1,1820
392,12,0,0,1,0,0,0,1,0,0,1,0,19,0,1,0,1,1,0,0,1,983
393,36,1,0,0,0,0,0,2,0,0,0,1,39,1,0,0,1,2,1,0,1,3249
394,6,0,0,0,1,0,0,1,0,0,0,0,31,0,0,1,1,1,0,0,1,1957
395,,0,0,1,0,0,0,2,0,0,0,0,31,0,0,1,1,1,0,0,1,2406
396,39,0,0,0,0,1,0,2,0,0,0,1,32,0,1,0,1,1,1,0,1,11760
397,12,0,0,1,0,0,0,3,0,0,0,1,55,0,0,0,1,1,0,0,1,2578
398,36,0,0,1,0,0,0,3,0,0,0,0,46,0,0,1,2,1,1,0,1,2348
399,12,1,0,0,0,0,0,1,0,0,1,0,46,0,1,0,2,1,0,0,0,1223
400,24,0,0,0,1,0,0,4,0,0,1,0,43,0,0,1,2,1,0,0,1,1516
401,18,0,0,0,1,0,0,3,0,0,1,0,39,0,0,1,1,1,1,0,1,1473
402,18,0,0,0,0,0,1,4,0,0,1,0,28,1,0,1,2,1,0,0,1,1887
403,24,0,0,0,0,0,1,2,0,0,0,0,27,1,0,1,2,1,1,0,0,8648
404,14,1,0,0,0,0,0,4,0,0,0,0,27,0,0,1,2,1,0,0,1,802
405,18,1,0,0,0,0,0,4,0,0,0,0,43,0,0,1,1,2,0,0,1,2899
406,24,0,0,0,1,0,0,1,0,0,0,0,22,0,0,1,1,1,1,0,0,2039
407,24,0,1,0,0,0,0,4,0,0,0,0,43,0,0,1,2,2,1,0,1,2197
408,15,0,0,0,1,0,0,4,0,0,1,0,27,0,0,1,1,1,0,1,1,1053
409,24,0,0,0,1,0,0,3,0,0,0,0,26,0,0,1,1,1,1,0,1,3235
410,12,1,0,0,0,0,0,4,0,0,1,0,28,0,0,1,3,1,1,0,0,939
411,24,0,0,0,1,0,0,4,0,0,0,0,20,0,0,1,1,1,1,0,1,1967
412,33,0,1,0,0,0,0,3,0,0,0,0,35,0,0,1,2,1,1,0,1,7253
413,12,0,0,0,0,0,1,4,0,0,0,0,42,1,0,1,2,1,1,0,0,2292
414,10,1,0,0,0,0,0,3,0,0,0,1,40,0,1,0,1,2,0,1,1,1597
415,24,1,0,0,0,0,0,4,0,0,0,0,35,0,0,1,1,1,0,0,0,1381
416,36,0,1,0,0,0,0,2,0,0,0,0,35,0,0,1,2,2,1,0,1,5842
417,12,1,0,0,0,0,0,4,0,0,1,0,33,0,0,1,1,2,0,0,0,2579
418,18,0,0,0,0,1,0,1,0,0,0,0,23,0,1,0,2,1,1,0,1,8471
419,21,1,0,0,0,0,0,1,0,0,0,0,31,1,0,1,1,1,0,0,1,2782
420,18,1,0,0,0,0,0,4,0,0,0,0,33,0,0,1,1,1,0,0,0,1042
421,15,1,0,0,0,0,0,2,0,0,0,0,20,0,1,0,1,1,0,0,1,3186
422,12,0,1,0,0,0,0,4,0,0,0,0,30,0,0,1,1,1,0,0,1,2028
423,12,1,0,0,0,0,0,2,0,0,1,0,47,0,0,1,2,2,0,0,1,958
424,21,0,0,1,0,0,0,4,0,0,1,0,34,0,0,1,2,1,0,0,1,1591
425,12,0,0,1,0,0,0,1,0,0,0,0,25,1,0,1,1,1,1,0,0,2762
426,18,0,1,0,0,0,0,1,0,0,0,0,21,0,1,0,1,1,1,0,1,2779
427,28,0,0,0,1,0,0,4,0,0,0,0,29,0,0,1,2,1,0,0,1,2743
428,18,0,0,0,1,0,0,4,0,0,1,0,46,0,0,1,2,1,0,0,1,1149
429,9,0,0,1,0,0,0,1,0,0,0,0,20,0,0,1,1,1,0,0,1,1313
430,18,0,0,0,0,0,0,2,0,0,0,1,55,0,0,0,3,2,0,0,0,1190
431,5,0,0,0,0,0,1,1,0,0,1,0,74,0,0,1,1,1,0,0,1,3448
432,24,0,0,0,0,0,0,2,1,0,0,0,29,1,0,1,2,1,1,0,0,11328
433,6,0,0,1,0,0,0,4,0,0,0,1,36,0,0,0,3,1,1,0,1,1872
434,24,0,0,0,0,0,0,4,0,0,1,0,33,0,0,1,2,1,1,0,1,2058
435,9,0,0,1,0,0,0,3,0,0,1,0,25,0,0,1,1,1,0,0,1,2136
436,12,0,0,0,1,0,0,2,0,0,1,0,25,0,0,1,1,1,1,0,0,1484
437,6,0,0,0,0,0,0,2,0,0,1,0,23,0,1,0,1,1,0,0,1,660
438,24,1,0,0,0,0,0,4,0,0,1,0,37,0,0,1,2,1,1,0,1,1287
439,42,0,0,0,0,0,0,4,1,0,0,0,65,0,0,1,2,1,0,0,1,3394
440,12,0,0,0,0,0,1,4,0,0,1,0,26,0,0,1,1,1,0,0,0,609
441,12,1,0,0,0,0,0,4,0,0,0,0,39,0,0,1,1,1,1,0,1,1884
442,12,0,0,1,0,0,0,2,1,0,0,0,30,0,0,1,1,1,0,0,1,1620
443,20,0,0,0,0,0,0,2,0,0,0,0,29,1,0,1,2,1,1,0,1,2629
444,12,0,0,0,0,1,0,4,0,0,0,0,41,1,0,1,1,2,0,0,0,719
445,48,0,0,1,0,0,0,2,0,0,0,0,30,0,0,1,1,1,1,0,0,5096
446,9,0,0,0,0,1,0,4,0,0,0,0,41,0,1,0,2,1,0,0,1,1244
447,36,1,0,0,0,0,0,4,0,0,0,0,34,0,0,1,1,1,1,0,0,1842
448,7,0,0,0,1,0,0,2,0,1,1,0,35,0,0,1,1,1,0,0,1,2576
449,12,0,0,1,0,0,0,3,0,0,1,0,55,0,0,1,1,1,1,0,1,1424
450,15,0,0,0,0,0,0,3,0,0,0,0,61,1,0,1,2,1,0,0,0,1512
451,36,0,1,0,0,0,0,4,0,0,0,0,30,0,0,1,1,1,1,0,1,11054
452,6,0,0,0,1,0,0,3,0,0,1,0,29,0,0,1,1,1,0,0,1,518
453,12,0,0,1,0,0,0,2,0,0,0,0,34,0,0,1,2,1,0,0,1,2759
454,24,0,1,0,0,0,0,4,0,0,0,0,35,0,0,1,1,1,1,0,1,2670
455,24,1,0,0,0,0,0,2,1,0,0,0,31,0,0,1,1,1,1,0,0,4817
456,24,0,1,0,0,0,0,4,0,0,0,1,29,0,0,1,1,1,1,0,1,2679
457,11,1,0,0,0,0,0,2,0,0,1,0,36,0,1,0,2,2,0,0,1,3905
458,12,0,1,0,0,0,0,3,0,0,0,1,35,0,0,0,1,1,1,0,0,3386
459,6,0,0,0,0,0,0,4,0,0,1,0,27,0,0,1,1,1,0,0,1,343
460,18,0,0,0,1,0,0,3,0,0,0,0,32,0,0,1,1,1,1,0,1,4594
461,36,0,0,1,0,0,0,1,0,1,0,0,37,0,0,1,1,2,0,0,1,3620
462,15,1,0,0,0,0,0,2,0,0,1,0,36,0,0,1,1,1,0,0,1,1721
463,12,0,0,1,0,0,0,3,0,0,1,0,34,0,1,0,1,1,0,0,1,3017
464,12,0,0,0,0,0,0,4,0,0,0,0,38,0,0,1,2,1,0,0,1,754
465,18,0,0,0,0,0,1,4,0,0,0,0,34,1,0,1,2,1,1,0,1,1950
466,24,0,1,0,0,0,0,3,0,1,0,1,63,1,0,1,1,2,1,0,1,2924
467,24,0,0,0,1,0,0,4,0,0,0,0,29,0,1,0,1,1,1,0,0,1659
468,48,0,0,0,1,0,0,3,0,0,0,0,32,1,0,1,2,2,0,0,1,7238
469,33,0,0,0,0,0,1,2,0,0,0,0,26,0,0,1,2,1,1,0,1,2764
470,24,0,1,0,0,0,0,3,0,0,0,0,35,0,0,1,2,1,1,0,1,4679
471,24,0,0,0,1,0,0,3,0,0,0,0,22,0,1,0,1,1,1,0,0,3092
472,6,0,0,0,0,1,0,4,0,0,0,0,23,0,0,1,1,1,0,0,0,448
473,9,1,0,0,0,0,0,4,0,0,0,0,28,0,0,1,1,1,0,0,0,654
474,6,0,0,0,0,0,0,4,0,0,0,0,36,0,0,1,1,2,1,0,1,1238
475,18,0,0,0,1,0,0,4,0,0,0,0,33,0,0,1,1,1,0,0,0,1245
476,18,0,0,1,0,0,0,1,0,0,0,0,26,0,1,0,1,1,0,0,0,3114
477,39,0,1,0,0,0,0,4,0,0,0,0,24,0,0,1,1,1,0,0,1,2569
478,24,0,0,0,1,0,0,4,0,0,0,0,25,1,0,1,1,1,0,0,1,5152
479,12,0,0,0,0,0,1,3,0,0,1,0,39,0,0,1,1,1,0,0,1,1037
480,15,0,0,1,0,0,0,4,0,0,0,0,44,0,0,1,2,2,1,0,1,1478
481,12,0,0,0,1,0,0,1,0,0,1,0,23,0,0,1,1,1,0,0,1,3573
482,24,1,0,0,0,0,0,4,0,0,0,0,26,0,0,1,1,1,0,0,1,1201
483,30,0,0,1,0,0,0,4,0,0,0,0,57,0,1,0,2,1,1,0,1,3622
484,15,0,0,1,0,0,0,3,0,0,0,0,30,0,0,1,2,1,0,0,1,960
485,12,1,0,0,0,0,0,4,0,0,1,0,44,0,0,1,1,1,1,0,1,1163
486,6,1,0,0,0,0,0,4,0,0,0,0,47,0,0,1,1,1,1,0,0,1209
487,12,0,0,0,1,0,0,2,0,0,0,0,52,0,0,1,1,1,1,0,1,3077
488,24,1,0,0,0,0,0,4,1,0,0,1,62,0,0,0,1,1,1,0,1,3757
489,10,1,0,0,0,0,0,3,0,0,1,0,35,0,1,0,1,1,0,1,1,1418
490,6,1,0,0,0,0,0,2,0,1,0,0,26,0,1,0,1,1,0,0,1,3518
491,12,0,0,0,1,0,0,2,0,0,0,1,26,0,0,1,2,1,0,0,1,1934
492,27,0,0,0,0,0,1,2,0,0,0,1,42,0,0,0,2,1,1,0,0,8318
493,6,0,0,0,1,0,0,1,0,0,0,0,27,0,0,1,2,1,0,0,1,1237
494,6,0,0,0,1,0,0,4,0,0,0,0,38,0,0,1,1,1,0,0,1,368
495,12,1,0,0,0,0,0,3,0,0,1,0,39,0,1,0,2,2,0,1,1,2122
496,24,0,0,1,0,0,0,2,0,0,0,0,20,0,0,1,1,1,0,0,0,2996
497,36,0,0,1,0,0,0,4,1,0,0,1,29,0,1,0,1,1,1,0,0,9034
498,24,0,0,1,0,0,0,4,0,0,0,0,40,0,0,1,2,1,0,0,1,1585
499,18,0,0,0,1,0,0,4,0,1,1,0,32,0,0,1,1,1,0,0,1,1301
500,6,1,0,0,0,0,0,2,0,0,0,0,28,0,0,1,2,2,1,0,1,1323
501,24,1,0,0,0,0,0,4,0,0,0,0,27,0,0,1,1,1,0,0,0,3123
502,36,0,1,0,0,0,0,2,0,0,0,1,42,0,0,0,1,2,0,0,1,5493
503,9,0,0,0,1,0,0,2,0,0,1,0,49,0,0,1,1,1,0,0,1,1126
504,24,0,0,0,1,0,0,4,0,0,0,1,38,1,0,1,2,2,0,0,0,1216
505,24,1,0,0,0,0,0,4,0,0,0,0,24,0,1,0,1,1,0,0,0,1207
506,10,1,0,0,0,0,0,4,0,1,0,0,27,0,0,1,1,1,0,0,0,1309
507,15,0,1,0,0,0,0,2,0,0,0,0,36,0,0,1,1,1,1,0,1,2360
508,15,1,0,0,0,0,0,1,0,0,0,0,34,0,0,1,1,2,1,0,0,6850
509,24,0,0,0,1,0,0,4,0,0,0,0,28,0,0,1,1,1,0,0,1,1413
510,39,0,1,0,0,0,0,4,0,0,0,0,45,0,0,1,1,1,1,0,1,8588
511,12,1,0,0,0,0,0,4,0,0,1,0,26,0,0,1,1,1,0,0,0,759
512,36,0,1,0,0,0,0,2,0,0,0,1,32,0,0,0,1,1,1,0,1,4686
513,15,0,0,0,0,0,1,2,0,0,0,0,26,0,1,0,1,1,1,0,1,2687
514,12,0,0,0,1,0,0,4,1,0,1,0,20,0,1,0,2,1,0,0,1,585
515,24,1,0,0,0,0,0,4,0,0,0,0,54,0,0,1,1,1,0,0,1,2255
516,6,1,0,0,0,0,0,4,0,0,0,0,37,0,0,1,2,1,0,1,1,609
517,6,1,0,0,0,0,0,2,0,0,1,0,40,0,0,1,1,2,0,1,1,1361
518,36,0,0,1,0,0,0,2,0,0,0,0,23,0,1,0,2,1,1,0,0,7127
519,6,1,0,0,0,0,0,3,0,0,0,0,43,0,0,1,1,1,1,0,1,1203
520,6,0,0,0,1,0,0,4,0,0,0,1,36,0,0,0,2,1,0,0,1,700
521,24,0,0,0,0,0,0,3,0,0,0,1,44,0,0,0,2,1,0,0,1,5507
522,18,0,0,0,1,0,0,2,0,0,1,0,24,0,0,1,1,1,0,0,0,3190
523,48,0,0,1,0,0,0,3,0,0,0,1,53,0,0,0,2,2,0,0,0,7119
524,24,0,1,0,0,0,0,3,0,0,0,0,23,0,0,1,1,1,0,0,1,3488
525,18,0,0,0,1,0,0,4,0,1,1,0,26,0,0,1,1,2,0,0,1,1113
526,26,0,1,0,0,0,0,2,0,0,0,0,30,0,0,1,2,1,0,0,1,7966
527,15,0,0,0,0,1,0,4,0,0,0,0,31,0,0,1,1,1,0,0,1,1532
528,4,0,0,0,1,0,0,2,0,0,1,0,42,0,0,1,2,2,0,0,1,1503
529,36,0,0,0,1,0,0,4,0,0,0,0,31,0,1,0,1,1,0,0,0,2302
530,6,1,0,0,0,0,0,3,0,0,1,0,41,0,0,1,1,2,1,0,1,662
531,36,0,0,0,0,1,0,3,0,0,0,0,32,0,0,1,2,2,0,0,1,2273
532,15,1,0,0,0,0,0,2,0,0,0,0,28,0,1,0,2,1,1,0,0,2631
533,12,0,1,0,0,0,0,4,0,0,1,0,41,0,1,0,1,1,0,0,1,1503
534,24,0,0,0,1,0,0,4,0,0,0,0,26,0,0,1,1,1,1,0,1,1311
535,24,0,0,0,1,0,0,4,0,0,0,0,25,0,0,1,2,1,0,0,1,3105
536,21,0,0,0,0,1,0,2,0,0,0,0,33,0,1,0,1,1,0,0,0,2319
537,6,1,0,0,0,0,0,4,0,0,0,0,75,0,0,1,1,1,1,0,1,1374
538,18,0,0,1,0,0,0,3,0,0,0,0,37,0,0,1,1,1,1,0,1,3612
539,48,1,0,0,0,0,0,4,0,0,0,1,42,1,0,0,1,1,0,0,0,7763
540,18,0,0,1,0,0,0,1,0,0,0,0,45,1,0,1,1,1,0,0,1,3049
541,12,0,0,0,1,0,0,1,0,0,1,0,23,0,1,0,1,1,0,0,0,1534
542,24,1,0,0,0,0,0,4,0,0,0,1,60,0,0,0,2,1,1,0,1,2032
543,30,0,0,1,0,0,0,4,0,0,0,0,31,0,0,1,1,1,0,0,0,6350
544,18,0,0,1,0,0,0,2,0,0,1,0,34,0,0,1,1,2,0,0,0,2864
545,12,1,0,0,0,0,0,4,0,0,1,0,61,0,0,1,2,1,0,0,1,1255
546,24,1,0,0,0,0,0,4,0,0,1,0,43,0,0,0,2,2,0,0,0,1333
547,24,1,0,0,0,0,0,4,0,0,0,0,37,0,0,1,1,1,1,0,1,2022
548,24,0,0,0,1,0,0,3,0,0,0,0,32,1,0,1,1,2,0,0,1,1552
549,12,0,0,0,1,0,0,4,0,0,1,0,24,1,0,1,1,1,0,0,0,626
550,48,0,1,0,0,0,0,2,0,0,0,1,35,0,0,0,2,1,1,0,1,8858
551,12,0,0,0,0,0,0,4,0,0,1,0,23,0,0,1,2,1,0,0,1,996
552,6,0,0,0,1,0,0,2,0,0,0,0,45,1,0,1,1,2,0,0,1,1750
553,48,0,0,0,1,0,0,1,0,1,1,0,34,0,0,1,2,1,1,0,0,6999
554,12,1,0,0,0,0,0,4,0,0,0,0,27,0,0,1,1,1,0,0,1,1995
555,9,0,0,0,0,1,0,4,0,0,0,0,67,0,0,1,2,1,1,0,1,1199
556,12,0,0,0,1,0,0,2,0,0,0,0,22,1,0,1,1,1,0,0,0,1331
557,18,1,0,0,0,0,0,3,0,0,0,0,28,0,0,1,2,1,0,0,0,2278
558,21,1,0,0,0,0,0,1,0,0,0,0,29,1,0,1,2,1,1,0,0,5003
559,24,0,0,1,0,0,0,3,0,0,0,0,27,1,0,1,1,1,0,0,0,3552
560,18,0,0,1,0,0,0,2,0,0,1,0,31,0,0,1,2,1,0,0,0,1928
561,24,0,1,0,0,0,0,4,0,0,0,1,49,1,0,0,1,2,1,0,1,2964
562,24,0,0,0,1,0,0,4,0,1,0,0,24,1,1,0,1,1,0,0,0,1546
563,6,0,0,0,1,0,0,2,0,0,0,0,29,1,0,1,1,1,0,0,1,683
564,36,1,0,0,0,0,0,1,0,0,0,1,37,0,0,0,1,1,1,0,0,12389
565,24,0,0,0,0,0,1,4,0,0,0,0,37,1,0,1,2,1,1,0,1,4712
566,24,0,0,0,1,0,0,3,0,0,0,0,23,0,1,0,2,1,1,0,1,1553
567,12,1,0,0,0,0,0,2,0,0,0,0,36,0,0,1,1,1,0,0,0,1372
568,24,0,0,0,1,0,0,2,0,0,0,0,34,0,0,1,1,1,0,0,1,2578
569,48,0,0,0,1,0,0,4,0,0,0,0,41,0,0,1,2,2,1,0,1,3979
570,48,0,0,0,1,0,0,3,0,0,0,0,31,0,0,1,1,1,1,0,0,6758
571,24,0,0,1,0,0,0,4,0,0,1,0,23,0,1,0,1,1,1,0,0,3234
572,30,0,0,0,1,0,0,3,1,0,0,0,38,0,0,1,1,1,0,0,1,5954
573,24,0,1,0,0,0,0,2,0,0,0,0,26,0,1,0,1,1,1,0,1,5433
574,15,0,0,0,0,0,1,4,0,0,0,0,22,0,0,1,1,1,0,0,1,806
575,9,0,0,0,1,0,0,4,0,0,0,0,27,0,0,1,2,1,0,0,1,1082
576,15,0,0,1,0,0,0,2,1,0,0,0,24,1,0,1,2,1,0,0,1,2788
577,12,0,0,0,1,0,0,2,0,0,1,0,27,0,0,1,1,1,0,0,1,2930
578,24,0,0,0,0,1,0,3,0,0,0,0,33,0,0,1,2,1,1,0,1,1927
579,36,1,0,0,0,0,0,4,0,0,0,0,27,0,0,1,2,1,0,0,0,2820
580,24,0,0,0,0,0,0,4,0,0,0,0,27,0,0,1,2,1,0,0,1,937
581,18,1,0,0,0,0,0,3,0,1,1,0,30,1,0,1,2,1,0,0,0,1056
582,12,1,0,0,0,0,0,1,0,0,1,0,49,1,0,1,2,2,0,0,1,3124
583,9,0,0,1,0,0,0,4,0,0,1,0,26,0,1,0,1,1,0,0,1,1388
584,36,0,0,0,0,0,0,4,0,0,0,1,33,0,1,0,1,1,0,0,0,2384
585,12,1,0,0,0,0,0,4,0,0,0,1,52,0,0,0,1,1,1,0,1,2133
586,18,0,0,1,0,0,0,1,0,0,1,0,20,1,1,0,1,1,0,0,0,2039
587,9,1,0,0,0,0,0,2,0,0,1,0,36,0,1,0,2,2,0,0,1,2799
588,12,0,0,1,0,0,0,4,0,1,0,0,21,0,0,1,1,1,0,0,1,1289
589,18,0,0,0,0,0,0,4,0,0,1,0,47,0,0,1,1,1,1,0,0,1217
590,12,0,0,1,0,0,0,3,0,0,0,0,60,0,0,1,2,1,0,0,0,2246
591,12,0,0,0,1,0,0,4,0,0,1,0,58,0,0,1,4,1,1,0,1,385
592,24,1,0,0,0,0,0,4,0,0,0,0,42,0,1,0,2,1,1,0,1,1965
593,21,0,0,0,0,0,1,4,0,0,1,0,36,1,0,1,1,1,0,0,1,1572
594,24,1,0,0,0,0,0,3,0,0,0,0,20,0,1,0,1,1,1,0,0,2718
595,24,0,0,0,0,0,0,4,0,0,0,0,40,1,0,1,1,1,1,0,0,1358
596,6,1,0,0,0,0,0,1,0,0,0,0,32,1,0,1,1,1,0,0,0,931
597,24,1,0,0,0,0,0,4,0,0,0,0,23,0,1,0,2,1,0,0,0,1442
598,24,0,0,0,0,0,1,1,0,0,1,0,36,0,0,1,3,1,1,0,0,4241
599,18,1,0,0,0,0,0,2,0,0,0,0,31,1,0,1,2,1,0,0,0,2775
600,24,0,0,0,0,0,1,1,0,0,0,1,32,0,0,0,1,1,0,0,1,3863
601,7,0,0,0,1,0,0,1,0,1,1,0,45,0,0,1,1,1,0,0,1,2329
602,9,0,0,1,0,0,0,4,0,0,0,0,30,0,0,1,1,1,0,0,0,918
603,24,0,0,0,0,1,0,4,0,0,0,1,34,1,0,0,1,1,0,0,0,1837
604,36,0,0,1,0,0,0,4,0,0,0,0,28,0,0,1,1,1,1,0,0,3349
605,10,0,0,1,0,0,0,4,0,0,0,0,23,0,0,1,1,1,0,0,1,1275
606,24,0,0,1,0,0,0,4,0,0,1,0,22,1,0,1,1,1,1,0,1,2828
607,24,0,0,0,0,0,1,3,0,0,1,0,74,0,0,1,1,1,1,0,1,4526
608,36,0,0,0,1,0,0,4,1,0,0,1,50,0,0,0,1,1,0,0,0,2671
609,18,0,0,0,1,0,0,4,0,0,1,0,33,0,0,1,1,1,0,0,1,2051
610,15,0,1,0,0,0,0,4,0,0,0,1,45,1,0,0,1,2,0,0,1,1300
611,12,0,0,0,0,0,0,4,0,0,0,0,22,0,0,1,1,1,0,0,0,741
612,10,1,0,0,0,0,0,1,0,0,0,1,48,0,0,0,1,2,0,0,0,1240
613,21,0,0,0,1,0,0,4,0,0,0,0,29,1,0,1,1,1,0,0,1,3357
614,24,0,1,0,0,0,0,1,0,1,0,0,22,1,1,0,1,1,0,1,1,3632
615,18,0,0,1,0,0,0,4,0,0,1,0,22,0,0,1,1,1,0,0,0,1808
616,48,0,0,0,0,0,1,2,0,0,0,0,48,1,0,1,1,1,1,0,1,12204
617,60,0,0,0,1,0,0,2,0,0,0,1,27,0,0,0,1,1,0,0,1,9157
618,6,1,0,0,0,0,0,1,0,0,1,0,37,0,1,0,3,2,0,0,1,3676
619,30,0,0,1,0,0,0,2,1,0,0,0,21,0,1,0,1,1,0,0,0,3441
620,12,1,0,0,0,0,0,4,0,0,1,0,49,0,0,1,1,1,0,0,1,640
621,21,0,0,0,0,0,1,2,0,0,0,0,27,0,0,1,2,1,0,0,1,3652
622,18,1,0,0,0,0,0,3,0,0,0,0,32,1,0,1,2,1,0,0,0,1530
623,48,0,0,0,0,0,1,4,0,0,1,0,38,1,0,1,1,1,0,0,0,3914
624,12,0,0,1,0,0,0,4,0,0,0,0,22,0,1,0,1,1,0,0,1,1858
625,18,0,0,0,1,0,0,4,0,0,0,1,65,0,0,0,2,1,0,0,0,2600
626,15,0,0,0,1,0,0,4,0,0,0,0,35,0,0,1,1,1,0,0,1,1979
627,6,0,0,1,0,0,0,2,0,0,1,0,41,0,0,1,1,1,1,0,1,2116
628,9,1,0,0,0,0,0,2,0,0,0,1,29,0,0,1,1,1,0,0,0,1437
629,42,0,0,1,0,0,0,4,0,0,1,0,36,0,0,1,2,1,1,0,1,4042
630,9,0,0,0,0,1,0,1,0,0,1,0,64,0,0,1,1,1,0,0,1,3832
631,24,0,0,0,1,0,0,2,0,0,0,0,28,0,0,1,1,1,0,0,1,3660
632,18,0,0,1,0,0,0,4,0,0,0,0,44,1,0,1,1,1,0,0,0,1553
633,15,0,0,0,1,0,0,4,0,0,0,0,23,0,0,1,1,1,0,0,1,1444
634,9,0,0,1,0,0,0,2,1,0,0,0,19,0,1,0,2,1,0,0,0,1980
635,24,1,0,0,0,0,0,3,0,0,0,0,25,0,0,1,1,1,1,0,0,1355
636,12,0,0,0,0,1,0,4,0,0,0,0,47,1,0,1,3,2,1,0,1,1393
637,24,0,0,0,1,0,0,4,0,0,0,0,28,0,0,1,1,1,0,0,1,1376
638,60,0,0,0,1,0,0,2,0,0,0,0,21,0,0,1,2,1,1,0,1,15653
639,12,0,0,0,1,0,0,4,0,0,0,0,34,0,0,1,1,2,0,0,1,1493
640,42,0,0,0,1,0,0,3,0,0,0,0,26,1,0,1,2,2,1,0,0,4370
641,18,0,0,0,0,1,0,4,0,0,1,0,27,0,0,1,1,1,0,0,0,750
642,15,0,0,0,0,0,0,4,0,0,0,0,38,0,0,1,2,1,0,0,1,1308
643,15,0,0,0,0,1,0,3,0,0,0,0,40,0,0,1,1,1,1,0,0,4623
644,24,0,0,0,1,0,0,4,0,1,0,0,33,0,0,1,2,1,1,0,1,1851
645,18,0,0,0,1,0,0,4,0,0,0,0,32,0,0,1,2,1,1,0,1,1880
646,36,0,0,0,0,0,1,4,0,0,0,0,27,0,1,0,2,1,1,0,0,7980
647,30,0,0,1,0,0,0,2,0,1,1,0,32,0,0,1,2,1,0,0,1,4583
648,12,1,0,0,0,0,0,2,0,0,0,0,26,0,0,1,1,1,0,0,0,1386
649,24,1,0,0,0,0,0,4,0,0,0,1,38,1,0,0,1,2,0,0,0,947
650,12,0,0,0,0,1,0,4,0,0,0,0,40,0,1,0,1,2,0,0,0,684
651,48,0,0,0,0,1,0,4,0,0,0,1,50,0,0,0,1,1,1,0,1,7476
652,12,0,0,1,0,0,0,4,0,0,0,0,37,0,0,1,1,1,0,0,0,1922
653,24,1,0,0,0,0,0,4,1,0,1,0,45,0,0,1,1,1,0,0,0,2303
654,36,1,0,0,0,0,0,2,0,0,0,0,42,0,0,1,4,1,1,0,0,8086
655,24,0,1,0,0,0,0,4,0,0,0,0,35,0,0,1,2,1,1,0,1,2346
656,14,1,0,0,0,0,0,1,0,0,0,1,22,0,0,0,1,1,0,0,1,3973
657,12,1,0,0,0,0,0,4,0,0,0,0,41,1,0,1,1,2,0,0,0,888
658,48,0,0,0,1,0,0,4,0,0,0,0,37,1,0,1,1,1,1,0,1,10222
659,30,0,0,0,0,0,1,2,0,0,0,0,28,0,0,1,2,1,0,0,1,4221
660,18,0,0,1,0,0,0,2,0,0,0,1,41,0,0,1,1,1,1,0,1,6361
661,12,0,0,0,1,0,0,3,0,0,1,0,23,0,1,0,1,1,0,0,1,1297
662,12,1,0,0,0,0,0,4,0,0,0,0,23,0,0,1,1,1,0,0,0,900
663,21,0,0,1,0,0,0,4,0,0,1,0,50,0,0,1,2,1,0,0,1,2241
664,6,0,0,1,0,0,0,4,0,0,0,0,35,1,0,1,2,1,1,0,1,1050
665,6,0,0,0,0,1,0,2,0,0,0,0,50,0,0,1,1,1,0,0,1,1047
666,24,0,0,0,0,0,0,4,1,0,0,1,27,1,0,1,2,1,1,0,1,6314
667,30,0,0,1,0,0,0,4,0,0,0,0,34,1,0,1,1,2,1,0,1,3496
668,48,0,0,0,0,0,1,1,0,0,1,0,27,1,0,1,1,1,0,0,1,3609
669,12,1,0,0,0,0,0,3,1,0,0,0,43,0,1,0,2,1,1,0,0,4843
670,30,0,0,0,1,0,0,4,0,0,0,0,47,0,0,1,1,1,0,0,1,3017
671,24,0,0,0,0,0,1,3,0,0,0,0,27,0,0,1,2,1,1,0,1,4139
672,36,0,0,0,0,0,1,2,0,0,0,0,31,0,0,1,2,1,1,0,1,5742
673,60,1,0,0,0,0,0,2,0,0,0,0,42,0,0,1,1,1,1,0,1,10366
674,6,1,0,0,0,0,0,1,0,0,0,0,24,0,0,1,1,1,0,0,1,2080
675,21,0,0,0,0,0,1,4,0,0,1,0,41,1,0,1,1,2,0,0,0,2580
676,30,0,0,0,1,0,0,4,0,0,0,0,26,0,1,0,1,1,1,0,1,4530
677,24,0,0,1,0,0,0,4,0,0,0,0,33,0,0,1,1,1,1,0,1,5150
678,72,0,0,0,1,0,0,2,0,0,0,0,24,0,0,1,1,1,0,0,0,5595
679,24,0,0,0,1,0,0,4,0,0,1,0,64,1,1,0,1,1,0,0,1,2384
680,18,0,0,0,1,0,0,3,0,0,1,0,26,0,0,1,1,1,0,0,1,1453
681,6,0,0,0,0,1,0,1,0,0,0,1,56,0,0,1,1,1,0,0,1,1538
682,12,0,0,0,1,0,0,4,0,0,0,1,37,0,0,0,1,1,1,0,1,2279
683,15,0,0,0,1,0,0,4,0,0,1,0,33,1,0,1,2,1,0,0,1,1478
684,24,0,0,0,1,0,0,3,0,0,0,1,47,0,0,0,3,1,1,0,1,5103
685,36,0,0,0,0,0,1,1,0,0,0,0,31,0,0,1,2,2,1,0,1,9857
686,60,1,0,0,0,0,0,4,0,0,0,1,34,0,0,0,1,2,1,0,1,6527
687,10,0,0,0,1,0,0,4,0,0,0,0,27,0,0,1,2,1,1,0,1,1347
688,36,1,0,0,0,0,0,4,0,0,0,1,30,0,0,0,1,1,0,0,1,2862
689,9,0,0,0,1,0,0,3,1,0,0,0,35,0,0,1,1,1,1,0,1,2753
690,12,1,0,0,0,0,0,1,0,0,0,0,31,0,0,1,1,2,0,0,1,3651
691,15,0,0,1,0,0,0,2,0,0,0,0,25,0,0,1,2,1,0,0,1,975
692,15,0,0,0,0,0,0,3,0,0,1,0,25,0,0,1,1,1,0,0,1,2631
693,24,0,0,0,1,0,0,2,0,0,0,0,29,0,0,1,1,1,0,0,1,2896
694,6,1,0,0,0,0,0,1,0,0,1,0,44,0,0,1,2,2,0,0,1,4716
695,24,0,0,0,1,0,0,4,0,0,0,0,28,0,0,1,1,1,1,0,1,2284
696,6,0,1,0,0,0,0,2,0,0,0,0,50,0,1,0,1,1,0,0,1,1236
697,12,0,0,0,1,0,0,4,0,1,1,0,29,0,0,1,2,1,0,1,1,1103
698,12,1,0,0,0,0,0,1,0,0,0,0,38,0,0,1,1,1,0,0,1,926
699,18,0,0,0,1,0,0,4,0,0,0,0,24,0,0,1,2,1,0,0,1,1800
700,15,0,0,0,0,1,0,4,0,0,0,0,40,0,1,0,1,1,1,0,1,1905
701,12,0,0,1,0,0,0,4,0,0,0,0,29,0,1,0,1,1,0,0,0,1123
702,48,0,1,0,0,0,0,4,0,0,0,1,46,0,0,0,2,1,1,0,0,6331
703,24,0,0,0,1,0,0,4,0,0,0,1,47,0,0,0,1,1,1,0,1,1377
704,30,0,0,0,0,0,1,4,0,0,0,0,41,1,0,1,2,1,0,0,1,2503
705,27,0,0,0,0,0,1,4,0,0,0,0,32,0,0,1,1,2,1,0,1,2528
706,15,1,0,0,0,0,0,1,0,0,0,1,35,0,0,0,1,1,0,0,1,5324
707,48,1,0,0,0,0,0,3,0,0,0,0,24,0,0,1,1,1,0,0,0,6560
708,12,0,0,1,0,0,0,4,0,0,0,0,25,0,1,0,2,1,0,0,0,2969
709,9,0,0,0,1,0,0,4,0,0,1,0,25,0,0,1,1,1,0,0,1,1206
710,9,0,0,0,1,0,0,2,0,0,1,0,37,0,0,1,1,2,0,0,1,2118
711,18,0,0,0,1,0,0,4,0,0,0,0,32,1,0,1,2,1,1,0,1,629
712,6,0,0,0,0,1,0,4,0,0,0,1,35,0,0,0,1,1,0,0,0,1198
713,21,0,1,0,0,0,0,4,0,0,1,0,46,0,0,1,1,1,1,0,1,2476
714,9,0,0,0,1,0,0,4,0,0,1,0,25,0,0,1,2,1,0,0,1,1138
715,60,1,0,0,0,0,0,4,0,0,0,1,27,0,0,1,1,1,1,0,0,14027
716,30,0,1,0,0,0,0,1,0,0,0,0,63,0,0,1,2,1,0,0,1,7596
717,30,0,0,0,1,0,0,3,0,0,0,0,40,0,0,1,2,2,1,0,1,3077
718,18,0,0,0,1,0,0,4,0,0,0,1,32,0,0,0,1,1,1,0,1,1505
719,24,0,0,0,1,0,0,3,0,0,0,0,31,0,0,1,2,1,1,0,1,3148
720,20,0,1,0,0,0,0,3,0,0,0,0,31,1,0,1,2,1,1,0,1,6148
721,9,0,0,0,1,0,0,4,0,0,0,0,34,0,0,1,2,1,1,0,0,1337
722,6,0,0,0,0,1,0,4,0,0,0,0,24,1,1,0,1,2,0,0,0,433
723,12,1,0,0,0,0,0,4,0,0,1,0,24,0,0,1,1,1,0,0,0,1228
724,9,0,0,0,1,0,0,4,0,0,1,0,66,0,0,1,1,1,0,0,1,790
725,27,1,0,0,0,0,0,3,0,0,1,0,21,0,1,0,1,1,0,0,0,2570
726,6,1,0,0,0,0,0,2,0,0,1,0,41,1,0,1,2,1,0,0,1,250
727,15,0,0,0,1,0,0,2,0,0,0,0,47,0,0,1,2,1,0,0,1,1316
728,18,0,0,0,1,0,0,4,0,0,0,0,25,1,1,0,2,1,0,0,0,1882
729,48,0,0,0,0,0,1,4,0,0,0,1,59,0,1,0,1,1,0,0,0,6416
730,24,0,0,0,0,0,1,2,0,0,1,0,36,0,0,1,2,1,1,0,1,1275
731,24,0,0,0,1,0,0,1,0,0,0,0,33,0,0,1,1,1,0,0,1,6403
732,24,0,0,0,1,0,0,2,0,0,1,0,21,0,1,0,1,2,0,0,0,1987
733,8,0,0,0,1,0,0,4,0,1,1,0,44,0,0,1,1,1,0,0,1,760
734,24,0,1,0,0,0,0,2,0,0,0,0,28,0,1,0,1,1,1,0,1,2603
735,4,1,0,0,0,0,0,1,0,0,1,0,37,0,0,1,1,2,0,0,1,3380
736,36,0,0,0,0,0,0,3,0,0,0,1,29,1,0,1,1,1,0,0,1,3990
737,24,0,1,0,0,0,0,1,0,0,0,0,23,0,1,0,2,1,0,0,0,11560
738,18,1,0,0,0,0,0,3,0,0,0,0,35,0,0,1,1,2,1,0,1,4380
739,6,1,0,0,0,0,0,1,0,0,0,1,45,0,0,1,2,2,1,0,1,6761
740,30,0,0,0,0,0,1,4,0,0,0,0,26,0,1,0,2,1,0,0,0,4280
741,24,1,0,0,0,0,0,2,0,0,0,0,32,1,0,1,1,1,0,0,1,2325
742,10,0,0,0,1,0,0,4,0,0,1,0,23,1,0,1,1,1,0,0,1,1048
743,21,0,0,0,1,0,0,4,0,0,0,0,41,0,0,1,1,1,1,0,1,3160
744,24,0,0,1,0,0,0,4,0,0,1,0,22,1,0,1,1,1,1,0,1,2483
745,39,0,0,1,0,0,0,4,0,0,0,0,30,0,0,1,2,1,1,0,1,14179
746,13,0,0,0,0,0,1,3,0,0,0,0,28,1,0,1,2,1,0,0,1,1797
747,15,1,0,0,0,0,0,1,0,0,0,0,23,0,1,0,1,1,0,0,1,2511
748,12,1,0,0,0,0,0,3,0,0,1,0,37,0,0,1,1,1,0,0,0,1274
749,21,0,1,0,0,0,0,1,0,0,0,0,26,0,0,1,1,1,0,0,1,5248
750,15,0,1,0,0,0,0,2,0,0,0,0,33,0,0,1,1,1,0,0,1,3029
751,6,0,0,1,0,0,0,2,0,0,0,0,49,1,0,1,1,1,1,0,1,428
752,18,1,0,0,0,0,0,1,0,0,0,0,23,0,0,1,1,1,0,0,0,976
753,12,0,0,0,0,0,1,2,0,0,1,0,23,0,1,0,1,1,0,0,1,841
754,30,0,0,0,1,0,0,4,0,0,0,0,25,0,0,1,2,1,0,0,1,5771
755,12,0,0,0,0,0,0,4,0,0,0,1,55,0,0,0,2,2,0,0,0,1555
756,24,1,0,0,0,0,0,4,0,0,0,1,32,0,1,0,1,1,0,0,0,1285
757,6,1,0,0,0,0,0,1,0,0,1,0,74,0,0,1,3,2,0,1,1,1299
758,15,0,0,0,1,0,0,3,0,0,0,1,39,0,0,0,2,1,1,0,0,1271
759,24,1,0,0,0,0,0,2,0,1,1,0,31,0,0,1,1,1,1,0,1,1393
760,12,1,0,0,0,0,0,4,0,0,0,0,35,0,0,1,2,1,0,0,0,691
761,15,1,0,0,0,0,0,1,0,0,0,0,59,0,0,1,1,1,1,0,1,5045
762,18,0,0,1,0,0,0,4,0,0,1,0,24,0,1,0,2,1,0,0,0,2124
763,12,0,0,0,1,0,0,4,0,0,0,0,24,0,0,1,1,1,0,0,1,2214
764,21,1,0,0,0,0,0,4,0,0,0,1,30,0,0,0,1,1,1,0,0,12680
765,24,1,0,0,0,0,0,4,0,0,0,0,27,0,0,1,2,1,1,0,1,2463
766,12,0,0,0,1,0,0,3,0,1,1,0,40,1,0,1,2,1,0,0,1,1155
767,30,0,0,1,0,0,0,2,0,0,0,0,31,0,0,1,1,1,0,0,0,3108
768,10,0,1,0,0,0,0,1,0,0,1,0,31,0,1,0,1,1,0,0,1,2901
769,12,0,0,1,0,0,0,1,0,0,0,0,28,0,1,0,3,1,1,0,1,3617
770,12,0,0,0,1,0,0,2,0,0,1,0,63,0,0,1,2,1,1,0,1,1655
771,24,0,1,0,0,0,0,2,0,0,1,0,26,0,1,0,1,1,0,0,1,2812
772,36,0,0,0,0,1,0,3,0,0,0,1,25,0,0,1,2,1,1,0,0,8065
773,21,0,1,0,0,0,0,1,0,0,0,0,36,0,0,1,1,1,1,0,1,3275
774,24,0,0,0,1,0,0,4,0,0,0,0,52,1,0,1,2,1,0,0,1,2223
775,12,1,0,0,0,0,0,2,0,0,0,1,66,1,0,0,3,1,0,0,1,1480
776,24,1,0,0,0,0,0,4,0,0,1,0,25,0,1,0,1,1,0,0,0,1371
777,36,1,0,0,0,0,0,4,0,0,0,0,37,0,0,1,2,1,1,0,1,3535
778,18,0,0,0,1,0,0,4,0,1,1,0,25,0,0,1,1,1,0,0,1,3509
779,36,0,1,0,0,0,0,4,0,0,0,0,38,0,0,1,2,1,1,0,1,5711
780,18,0,0,0,0,0,0,2,0,0,0,0,67,0,0,1,1,1,1,0,1,3872
781,39,0,0,0,1,0,0,2,0,1,1,0,25,0,0,1,2,1,0,0,0,4933
782,24,1,0,0,0,0,0,4,0,0,1,0,60,0,0,1,1,1,1,0,1,1940
783,12,0,0,0,0,0,0,2,0,0,1,0,31,0,0,1,1,1,1,0,1,1410
784,12,1,0,0,0,0,0,4,0,0,0,0,23,1,0,1,1,1,0,0,0,836
785,20,0,1,0,0,0,0,1,0,0,1,0,60,0,0,1,1,1,1,0,1,6468
786,18,0,0,0,0,0,1,4,0,0,0,0,35,0,0,1,1,1,1,0,1,1941
787,22,0,0,0,1,0,0,3,0,0,0,0,40,0,0,1,1,1,0,0,1,2675
788,48,0,1,0,0,0,0,4,0,0,0,0,38,0,0,1,2,2,1,0,1,2751
789,48,0,0,0,0,1,0,4,0,0,0,1,50,0,0,0,1,1,0,0,0,6224
790,40,0,0,0,0,1,0,4,0,0,0,1,27,1,0,1,1,1,1,0,0,5998
791,21,0,0,0,0,0,1,2,0,0,0,0,39,0,0,1,1,2,0,0,0,1188
792,24,0,1,0,0,0,0,3,0,0,0,0,41,0,0,1,1,2,1,0,1,6313
793,6,0,0,1,0,0,0,1,0,0,0,0,27,0,0,1,2,1,0,0,1,1221
794,24,0,0,1,0,0,0,3,0,0,0,1,51,0,0,0,1,1,0,0,1,2892
795,24,0,0,1,0,0,0,4,0,0,0,1,32,0,1,0,1,1,1,0,1,3062
796,9,0,0,1,0,0,0,2,0,0,0,0,22,0,1,0,1,1,0,0,1,2301
797,18,0,1,0,0,0,0,1,0,0,0,0,51,0,0,0,1,2,1,0,0,7511
798,12,0,0,1,0,0,0,2,0,0,0,0,22,0,1,0,2,1,0,0,1,1258
799,24,1,0,0,0,0,0,4,0,0,0,0,54,0,0,1,2,1,1,0,1,717
800,9,1,0,0,0,0,0,4,0,0,1,0,35,0,0,1,1,1,0,0,1,1549
801,24,0,0,0,0,1,0,4,0,0,0,1,54,0,0,0,2,2,0,0,1,1597
802,18,0,0,0,1,0,0,3,0,1,1,0,48,1,1,0,2,1,1,0,1,1795
803,20,0,0,1,0,0,0,1,0,0,0,0,24,0,0,1,2,1,0,0,1,4272
804,12,0,0,0,1,0,0,4,0,0,0,0,35,0,0,1,2,1,0,0,1,976
805,12,1,0,0,0,0,0,1,0,0,1,0,24,0,1,0,1,1,0,0,1,7472
806,36,1,0,0,0,0,0,2,0,0,0,0,24,0,0,1,1,1,1,0,0,9271
807,6,0,0,0,1,0,0,3,0,0,1,0,26,0,0,1,1,1,0,1,1,590
808,12,0,0,0,1,0,0,4,0,0,1,0,65,0,0,1,4,1,0,0,1,930
809,42,0,1,0,0,0,0,1,0,0,0,1,55,1,0,0,1,1,1,0,1,9283
810,15,1,0,0,0,0,0,2,0,0,1,0,26,0,1,0,2,1,0,0,0,1778
811,8,0,0,0,0,0,1,3,0,0,1,0,26,0,0,1,1,1,1,0,1,907
812,6,0,0,0,1,0,0,3,0,1,1,0,28,1,0,1,1,1,0,0,1,484
813,36,0,1,0,0,0,0,4,0,0,0,0,24,0,0,1,2,1,1,0,0,9629
814,48,0,0,0,0,0,0,3,0,0,0,0,54,0,0,1,1,1,0,0,0,3051
815,48,1,0,0,0,0,0,4,0,0,0,1,46,0,0,0,1,2,0,0,0,3931
816,36,1,0,0,0,0,0,2,0,0,0,0,54,0,1,0,1,1,0,0,1,7432
817,6,0,0,0,0,0,0,1,0,0,1,0,62,0,0,1,1,1,0,0,1,1338
818,6,0,0,0,1,0,0,1,0,0,0,0,24,0,1,0,2,1,1,0,1,1554
819,36,0,0,0,0,0,0,2,1,0,0,0,43,0,0,1,1,1,0,0,1,15857
820,18,0,0,0,1,0,0,4,0,0,1,0,26,1,0,1,1,1,0,0,0,1345
821,12,1,0,0,0,0,0,3,0,0,1,0,27,0,0,1,2,1,1,0,1,1101
822,12,0,0,0,1,0,0,3,0,0,0,0,24,0,0,1,1,1,0,0,1,3016
823,36,0,0,1,0,0,0,2,0,0,0,0,41,1,0,1,1,2,0,0,0,2712
824,8,1,0,0,0,0,0,4,0,0,1,0,47,0,0,1,2,1,0,0,1,731
825,18,0,0,1,0,0,0,3,0,0,0,0,35,0,0,1,2,1,1,0,1,3780
826,21,1,0,0,0,0,0,4,0,0,0,0,30,0,0,1,2,1,1,0,1,1602
827,18,1,0,0,0,0,0,1,0,0,1,0,33,1,1,0,3,1,1,0,0,3966
828,18,0,0,0,0,0,1,2,0,0,0,0,36,1,0,1,2,2,0,0,0,4165
829,36,0,1,0,0,0,0,3,0,0,0,1,47,0,0,0,1,1,0,0,0,8335
830,48,0,0,0,0,0,1,4,0,0,0,1,38,0,0,0,1,2,1,0,1,6681
831,24,0,0,0,0,0,1,4,0,0,0,0,44,0,0,1,2,2,1,0,1,2375
832,18,1,0,0,0,0,0,4,0,0,0,0,23,0,1,0,1,1,1,0,0,1216
833,45,0,0,0,0,0,1,2,0,0,0,0,29,0,1,0,2,1,0,0,0,11816
834,24,0,0,0,1,0,0,2,0,0,0,0,42,0,0,1,1,1,1,0,1,5084
835,15,0,0,0,1,0,0,2,0,0,1,0,25,0,0,1,1,1,0,0,0,2327
836,12,1,0,0,0,0,0,4,0,0,0,0,48,1,0,1,2,1,0,0,0,1082
837,12,0,0,0,1,0,0,4,0,0,0,0,21,0,0,1,1,1,0,0,1,886
838,4,0,0,1,0,0,0,1,0,0,1,0,23,0,1,0,1,2,0,0,1,601
839,24,0,1,0,0,0,0,4,0,0,0,0,63,0,0,1,2,1,1,0,1,2957
840,24,0,0,0,1,0,0,4,1,0,1,0,46,0,0,1,2,1,0,0,1,2611
841,36,0,0,1,0,0,0,4,0,0,0,0,29,0,0,1,1,1,0,0,0,5179
842,21,0,1,0,0,0,0,3,0,0,1,0,28,1,0,1,2,1,0,0,1,2993
843,18,0,0,0,0,0,0,4,0,0,1,0,23,0,0,1,1,1,0,0,0,1943
844,24,0,0,0,0,0,1,4,0,0,0,0,50,1,0,1,1,1,1,0,1,1559
845,18,0,0,1,0,0,0,4,0,0,0,0,47,1,0,1,3,2,1,0,1,3422
846,21,0,0,1,0,0,0,2,0,0,0,0,35,0,0,1,1,1,1,0,1,3976
847,18,1,0,0,0,0,0,2,0,0,0,0,68,0,1,0,2,1,0,0,0,6761
848,24,1,0,0,0,0,0,4,0,0,1,0,28,0,0,1,1,1,0,0,1,1249
849,9,0,0,0,1,0,0,3,0,0,1,0,59,0,0,1,1,1,0,0,1,1364
850,12,0,0,0,1,0,0,4,0,0,1,0,57,1,0,1,1,1,0,0,0,709
851,20,1,0,0,0,0,0,4,0,1,0,0,33,1,1,0,2,1,0,1,0,2235
852,24,0,1,0,0,0,0,3,0,0,0,0,43,0,0,1,2,1,1,0,1,4042
853,15,0,0,0,1,0,0,4,0,0,0,1,35,0,0,0,2,1,1,0,1,1471
854,18,1,0,0,0,0,0,4,0,0,0,1,32,0,0,0,2,2,0,0,0,1442
855,36,1,0,0,0,0,0,2,0,0,0,0,45,0,0,1,2,2,1,0,1,10875
856,24,1,0,0,0,0,0,4,0,0,1,0,33,0,0,1,1,1,1,0,1,1474
857,10,0,0,0,0,0,0,4,0,0,0,0,40,0,0,1,1,1,1,0,1,894
858,15,0,0,1,0,0,0,4,0,0,0,1,28,0,0,0,1,1,1,0,1,3343
859,15,1,0,0,0,0,0,3,0,0,0,0,29,0,0,1,1,1,1,0,0,3959
860,9,1,0,0,0,0,0,1,0,1,1,0,26,0,1,0,1,2,0,1,1,3577
861,24,0,1,0,0,0,0,4,0,0,1,0,27,0,0,1,2,1,0,0,1,5804
862,18,0,0,0,0,0,1,4,0,0,0,0,28,0,0,1,1,1,1,0,0,2169
863,24,0,0,0,1,0,0,4,0,0,1,0,35,0,0,1,1,1,1,0,0,2439
864,27,0,0,1,0,0,0,4,0,0,1,0,32,1,0,1,2,2,1,0,1,4526
865,10,0,0,1,0,0,0,2,0,0,1,0,25,1,1,0,1,1,0,0,0,2210
866,15,0,0,1,0,0,0,2,0,0,0,0,20,0,1,0,1,1,0,0,1,2221
867,18,0,0,0,1,0,0,4,0,0,0,0,27,1,0,1,1,1,0,0,1,2389
868,12,0,0,1,0,0,0,2,0,0,0,0,42,1,0,1,1,1,0,0,1,3331
869,36,0,0,0,0,0,1,3,0,0,0,0,37,0,0,1,2,1,0,0,1,7409
870,12,0,0,1,0,0,0,4,0,0,0,0,24,0,1,0,1,1,0,0,1,652
871,36,0,0,1,0,0,0,2,0,0,0,0,40,0,0,1,2,1,1,0,1,7678
872,6,1,0,0,0,0,0,1,0,0,1,0,46,0,0,1,2,2,0,1,1,1343
873,24,0,0,0,0,0,1,4,0,0,1,0,26,0,0,1,2,1,1,0,1,1382
874,15,0,0,0,0,0,0,4,0,0,1,0,24,0,0,1,1,1,0,0,1,874
875,12,0,0,1,0,0,0,2,1,0,0,0,29,0,0,1,1,2,0,0,1,3590
876,11,1,0,0,0,0,0,4,0,0,0,0,40,0,0,1,2,1,0,0,1,1322
877,18,0,0,0,1,0,0,3,1,0,0,1,36,1,0,0,1,1,1,0,1,1940
878,36,0,0,0,1,0,0,4,0,0,0,0,28,0,0,1,1,1,0,0,1,3595
879,9,1,0,0,0,0,0,3,0,0,0,1,27,0,0,0,1,1,1,0,0,1422
880,30,0,0,0,1,0,0,2,0,0,0,0,36,0,0,1,2,1,0,0,1,6742
881,24,0,1,0,0,0,0,3,0,0,0,0,38,0,0,1,1,1,1,0,1,7814
882,24,0,1,0,0,0,0,2,0,0,0,1,48,0,0,0,1,1,1,0,1,9277
883,30,1,0,0,0,0,0,4,0,0,1,0,36,0,0,1,2,1,0,0,1,2181
884,18,0,0,0,1,0,0,4,0,0,0,0,65,0,0,1,2,1,0,0,1,1098
885,24,0,0,1,0,0,0,3,0,0,0,0,43,0,0,1,1,1,1,0,0,4057
886,12,0,0,0,0,1,0,4,0,0,0,0,53,0,0,1,1,1,0,0,0,795
887,24,0,0,0,0,0,1,4,0,0,0,1,34,0,0,1,2,2,1,0,1,2825
888,48,0,0,0,0,0,1,2,0,0,0,0,23,0,0,1,1,1,1,0,0,15672
889,36,1,0,0,0,0,0,4,0,0,0,0,34,0,0,1,2,1,1,0,1,6614
890,28,0,1,0,0,0,0,3,0,1,1,0,40,1,1,0,2,2,1,0,1,7824
891,27,0,0,0,0,0,1,4,0,0,0,0,43,1,0,1,4,2,1,0,1,2442
892,15,0,0,0,1,0,0,4,0,0,0,0,46,0,0,1,2,1,1,0,1,1829
893,12,1,0,0,0,0,0,4,0,0,0,0,38,1,0,1,2,1,0,1,1,2171
894,36,0,1,0,0,0,0,3,0,0,0,0,34,0,0,1,2,1,1,0,1,5800
895,18,0,0,0,1,0,0,4,0,0,0,0,29,0,0,1,2,1,1,0,1,1169
896,36,0,1,0,0,0,0,3,0,0,0,0,31,1,0,1,1,2,1,0,1,8947
897,21,0,0,0,1,0,0,4,0,0,0,0,28,0,1,0,1,1,1,0,1,2606
898,12,0,0,1,0,0,0,3,0,0,0,0,35,0,0,1,1,1,0,1,1,1592
899,15,0,0,1,0,0,0,1,0,0,1,0,33,1,1,0,1,1,0,0,1,2186
900,18,0,0,1,0,0,0,2,1,0,0,0,42,0,0,1,1,1,0,0,0,4153
901,16,1,0,0,0,0,0,2,0,1,0,0,43,1,1,0,1,1,1,0,0,2625
902,20,1,0,0,0,0,0,2,0,0,1,0,44,0,0,1,2,1,1,0,1,3485
903,36,0,1,0,0,0,0,2,0,0,0,1,42,0,0,0,2,1,0,0,1,10477
904,15,0,0,0,1,0,0,4,0,0,1,0,40,0,1,0,1,1,1,0,1,1386
905,24,0,0,0,1,0,0,4,0,0,1,0,36,0,0,1,1,1,1,0,1,1278
906,12,0,0,0,1,0,0,2,0,0,1,0,20,0,1,0,1,2,1,0,1,1107
907,21,1,0,0,0,0,0,2,1,0,1,0,24,0,0,1,1,1,0,1,1,3763
908,36,0,0,0,0,1,0,2,0,0,0,0,27,0,0,1,1,1,0,0,1,3711
909,15,0,1,0,0,0,0,1,0,0,0,0,46,0,0,1,2,1,0,0,1,3594
910,9,1,0,0,0,0,0,1,0,0,1,0,33,0,0,1,1,1,0,0,1,3195
911,36,0,0,0,1,0,0,4,0,0,1,0,34,0,0,1,2,1,0,0,1,4454
912,24,0,0,1,0,0,0,2,0,0,0,0,25,1,0,1,1,1,0,0,0,4736
913,30,0,0,0,1,0,0,2,0,0,0,0,25,0,0,1,1,1,0,0,1,2991
914,11,0,0,0,0,0,1,1,0,0,1,0,28,0,0,1,1,1,1,0,1,2142
915,24,0,0,0,0,0,1,4,0,0,0,0,31,0,1,0,1,1,1,0,0,3161
916,48,0,0,0,0,0,0,1,0,0,0,0,32,1,0,1,1,1,1,1,0,18424
917,10,0,1,0,0,0,0,1,1,0,1,0,32,0,0,1,1,2,0,0,1,2848
918,6,1,0,0,0,0,0,1,0,0,0,1,68,1,0,1,1,1,1,0,0,14896
919,24,0,0,1,0,0,0,1,0,0,0,0,33,0,0,1,1,1,0,0,0,2359
920,24,0,0,1,0,0,0,4,0,0,0,0,39,0,1,0,1,1,1,0,0,3345
921,18,0,0,1,0,0,0,4,0,0,0,1,28,0,0,1,2,1,0,0,1,1817
922,48,0,0,0,1,0,0,4,0,0,0,0,37,0,0,1,1,1,1,0,1,12749
923,9,0,0,0,,,,,,,,,,,,,,,,,0,
924,12,1,0,0,0,0,0,3,0,0,0,0,30,0,1,0,1,2,1,0,1,2002
925,24,0,0,1,0,0,0,2,0,0,0,0,55,1,0,1,1,1,1,0,0,6872
926,12,1,0,0,0,0,0,4,0,0,0,0,46,1,0,1,2,1,1,0,0,697
927,18,0,0,1,0,0,0,4,0,0,0,0,21,0,1,0,1,1,0,0,1,1049
928,48,0,1,0,0,0,0,4,0,0,0,1,39,1,0,0,3,2,1,0,0,10297
929,30,0,0,0,1,0,0,4,0,0,0,0,58,0,0,1,1,1,1,0,1,1867
930,12,1,0,0,0,0,0,4,0,0,1,0,43,0,0,1,2,2,0,0,1,1344
931,24,0,0,1,0,0,0,4,1,0,0,0,24,0,0,1,1,1,0,1,1,1747
932,9,0,0,0,1,0,0,4,0,0,0,0,22,0,0,1,1,1,1,0,0,1670
933,9,1,0,0,0,0,0,3,0,0,1,0,30,0,0,1,2,1,0,0,1,1224
934,12,0,0,0,1,0,0,4,0,0,0,0,42,0,0,1,2,2,1,0,1,522
935,12,0,0,0,1,0,0,4,0,0,0,0,23,1,0,1,1,1,0,0,1,1498
936,30,0,0,0,1,0,0,4,0,0,0,1,30,1,0,1,2,1,0,0,0,1919
937,9,0,0,0,1,0,0,3,0,0,1,0,28,0,0,1,1,1,0,0,0,745
938,6,0,0,0,1,0,0,4,0,0,0,0,30,0,1,0,1,1,1,0,1,2063
939,60,0,0,0,0,1,0,4,0,0,0,1,42,0,0,0,1,1,0,0,0,6288
940,24,0,1,0,0,0,0,2,0,0,0,0,46,0,0,1,2,2,1,0,1,6842
941,12,1,0,0,0,0,0,2,0,0,0,0,45,0,0,1,1,2,1,0,1,3527
942,10,1,0,0,0,0,0,3,0,0,1,0,31,0,0,1,1,2,0,1,1,1546
943,24,0,0,1,0,0,0,4,0,0,0,0,31,1,0,1,1,1,1,0,1,929
944,4,1,0,0,0,0,0,2,0,0,1,0,42,0,0,1,3,2,0,0,1,1455
945,15,0,0,1,0,0,0,4,0,1,0,0,46,0,1,0,1,1,0,0,1,1845
946,48,1,0,0,0,0,0,1,0,0,0,0,30,0,0,1,2,1,0,0,1,8358
947,24,0,0,1,0,0,0,4,0,0,0,1,30,0,0,0,1,2,1,0,0,3349
948,12,1,0,0,0,0,0,4,0,0,0,1,38,0,0,1,1,1,1,0,1,2859
949,18,0,0,1,0,0,0,4,1,0,0,0,43,0,0,1,1,2,0,0,0,1533
950,24,0,0,0,1,0,0,2,0,0,0,0,31,0,0,1,2,1,0,0,0,3621
951,18,0,0,0,0,0,1,3,0,0,0,0,40,0,0,1,3,2,1,0,1,3590
952,36,0,0,0,0,0,1,2,0,0,0,0,24,0,0,1,2,1,1,0,0,2145
953,24,0,1,0,0,0,0,3,0,0,0,0,28,0,1,0,1,1,0,0,0,4113
954,36,0,0,1,0,0,0,4,0,0,0,0,26,0,0,1,2,1,1,0,0,10974
955,12,1,0,0,0,0,0,4,0,1,0,0,29,0,0,1,1,1,1,0,1,1893
956,24,0,0,0,1,0,0,4,0,0,0,0,57,0,1,0,2,1,1,0,1,1231
957,30,0,0,0,1,0,0,4,0,0,0,0,49,1,0,1,2,1,0,0,1,3656
958,9,0,0,0,1,0,0,2,0,0,1,0,37,0,0,1,3,1,0,0,1,1154
959,28,1,0,0,0,0,0,3,0,0,0,0,45,0,0,1,1,1,0,0,0,4006
960,24,0,0,1,0,0,0,4,0,0,0,1,30,0,0,0,1,1,0,0,1,3069
961,6,0,0,0,1,0,0,2,0,0,1,0,30,0,1,0,2,1,0,0,1,1740
962,21,1,0,0,0,0,0,1,0,0,0,0,47,0,0,1,2,1,0,0,1,2353
963,15,1,0,0,0,0,0,3,0,0,0,1,29,0,0,1,1,1,0,0,1,3556
964,24,0,0,0,1,0,0,3,0,0,0,0,35,1,0,1,2,1,1,0,0,2397
965,6,0,0,0,0,0,0,3,0,0,0,0,22,0,0,1,1,1,0,0,1,454
966,30,0,0,0,1,0,0,4,0,0,0,0,26,0,0,1,1,1,0,0,1,1715
967,27,0,0,0,1,0,0,4,0,0,0,0,23,0,0,1,2,1,0,0,0,2520
968,15,0,0,0,1,0,0,4,0,0,0,0,54,1,1,0,1,1,1,0,1,3568
969,42,0,0,0,1,0,0,2,0,0,0,0,29,0,1,0,1,1,1,0,1,7166
970,11,1,0,0,0,0,0,1,0,0,1,0,40,0,0,1,2,2,0,0,1,3939
971,15,0,0,0,0,0,0,4,0,1,1,0,22,0,0,1,1,1,0,0,1,1514
972,24,1,0,0,0,0,0,1,0,0,0,0,43,0,0,1,1,2,0,0,1,7393
973,24,1,0,0,0,0,0,1,1,0,0,1,29,0,1,0,2,1,0,0,0,1193
974,60,0,0,0,0,0,1,4,1,0,0,1,36,0,1,0,1,1,0,0,0,7297
975,30,0,0,0,1,0,0,4,0,0,0,0,33,0,0,1,1,1,1,0,1,2831
976,24,0,0,0,1,0,0,3,0,0,0,0,57,0,0,1,1,1,0,0,1,1258
977,6,0,0,0,1,0,0,2,0,1,1,0,64,0,0,1,1,1,0,0,1,753
978,18,0,0,0,0,0,1,4,0,0,0,0,42,0,0,1,2,1,0,0,1,2427
979,24,1,0,0,0,0,0,4,0,0,0,0,47,0,0,1,2,2,0,0,0,2538
980,15,1,0,0,0,0,0,2,0,0,0,0,25,0,1,0,1,1,0,0,0,1264
981,30,0,0,1,,,,,,,,,,,,,1,1,0,0,0,
982,48,0,0,0,0,0,1,3,0,0,0,0,33,1,1,0,1,1,1,0,0,4844
983,21,1,0,0,0,0,0,1,0,0,0,0,28,1,0,1,1,1,1,0,1,2923
984,36,0,1,0,0,0,0,2,0,0,0,0,26,0,0,1,1,2,0,0,0,8229
985,24,0,0,1,0,0,0,2,0,0,0,0,30,0,0,1,2,1,0,0,1,2028
986,15,0,0,1,0,0,0,4,0,0,0,0,25,0,1,0,2,1,0,0,1,1433
987,42,0,0,0,0,0,1,2,0,0,0,0,33,0,0,1,2,1,0,0,1,6289
988,13,0,0,0,1,0,0,2,0,0,1,0,64,0,0,1,1,1,0,0,1,1409
989,24,0,1,0,0,0,0,4,0,0,0,1,29,0,0,0,1,1,1,0,1,6579
990,24,0,0,0,1,0,0,4,0,0,0,0,48,0,0,1,2,1,0,0,1,1743
991,12,0,0,0,0,1,0,2,0,0,0,0,37,0,0,1,2,2,0,0,1,3565
992,15,0,0,0,1,0,0,4,0,0,0,0,34,1,0,1,1,2,0,0,1,1569
993,18,0,0,0,1,0,0,2,0,0,0,0,23,0,1,0,2,1,0,0,1,1936
994,36,0,0,1,0,0,0,4,0,0,0,0,30,0,0,1,1,1,1,0,1,3959
995,12,1,0,0,0,0,0,4,0,0,0,0,50,0,0,1,1,1,1,0,1,2390
996,12,,,,,,,,,,,,,,,,,,,,,
997,30,0,1,0,0,0,0,4,0,0,0,0,40,0,0,1,1,1,1,0,1,3857
998,12,0,0,0,1,0,0,4,0,0,0,0,38,0,0,1,1,1,0,0,1,804
999,45,0,0,0,1,0,0,4,0,0,0,1,23,0,0,0,1,1,1,0,0,1845
1000,45,0,1,0,0,0,0,3,0,0,0,0,,0,0,1,1,1,0,0,1,
